127 138 101
112 118 82
121 129 92
126 136 99
126 136 99
124 135 98
114 120 84
121 130 93
126 136 99
127 138 100
128 140 102
117 123 85
119 127 88
123 132 94
126 137 98
127 139 100
129 142 103
130 145 106
125 137 96
124 137 96
124 138 96
125 140 98
127 142 101
125 142 98
121 139 95
119 137 93
120 139 95
122 142 98
147 166 120
134 155 109
122 145 98
116 139 93
113 136 90
122 127 97
134 158 109
122 149 99
113 141 91
110 139 88
108 138 88
103 113 80
104 112 80
105 113 81
108 114 83
114 119 88
134 159 109
121 150 98
112 143 90
104 138 84
104 139 85
105 139 86
106 141 88
93 106 72
90 102 68
89 99 66
92 101 68
100 108 75
121 150 98
112 143 90
104 138 84
104 139 85
105 139 86
106 123 86
98 115 79
92 106 72
87 99 66
85 96 63
91 100 68
103 111 79
117 147 95
110 142 89
103 139 84
104 140 86
105 141 87
106 125 88
96 114 78
88 103 69
83 97 63
86 97 64
102 140 85
122 144 104
118 140 102
107 127 91
98 116 81
90 107 72
89 103 69
93 106 72
124 149 108
112 136 97
102 124 86
93 113 77
90 108 72
124 153 109
112 140 98
102 128 87
93 118 78
89 112 73
90 121 74
120 153 108
111 143 98
103 133 89
96 124 82
92 119 77
89 105 64
85 108 65
86 116 70
88 125 77
97 138 88
116 152 104
116 152 105
110 145 98
104 138 92
100 132 87
97 127 83
87 103 63
87 111 69
92 123 78
99 137 88
104 145 95
111 150 102
113 153 104
109 147 99
104 142 95
100 137 91
98 133 88
98 131 87
100 129 88
87 93 58
86 102 63
90 115 73
99 132 86
109 148 99
111 152 102
111 155 104
104 145 96
107 149 100
110 153 103
107 149 100
103 144 96
100 141 93
99 138 92
101 137 92
102 134 92
91 108 69
92 119 75
101 135 88
113 152 103
116 157 107
103 148 97
106 152 100
102 146 96
98 141 92
96 138 90
97 137 91
101 139 94
103 137 95
104 134 95
97 115 75
94 122 77
102 137 89
113 153 104
119 160 109
100 147 94
102 151 97
98 145 93
96 141 91
96 140 91
99 141 94
104 144 98
106 143 100
100 134 87
97 147 91
100 152 96
99 149 94
100 148 95
104 150 100
109 153 105
114 157 110
113 154 109
99 128 82
92 141 85
96 147 90
99 153 95
100 151 95
102 151 97
108 155 104
113 159 110
125 139 100
115 137 95
104 133 88
103 137 89
105 142 93
96 147 90
99 153 95
100 151 95
102 151 97
108 155 104
121 138 97
115 140 96
109 140 94
108 142 95
109 146 97
97 151 92
100 155 96
102 155 98
105 156 101
110 158 106
115 128 88
114 135 93
114 141 97
114 147 100
114 149 101
114 151 102
117 152 103
97 152 92
98 155 95
100 159 98
105 160 102
109 162 106
112 162 109
115 164 112
116 140 96
117 147 101
119 154 106
118 154 106
116 154 104
91 147 88
91 149 90
93 152 92
98 154 96
102 156 100
105 156 102
107 157 104
118 144 99
120 152 105
123 159 111
120 159 109
117 156 106
85 142 84
84 143 84
85 144 86
90 147 90
94 149 93
96 149 93
97 150 95
123 159 111
81 141 82
79 139 80
81 139 81
84 140 82
85 140 83
80 140 81
74 134 75
73 131 73
73 130 72
76 131 73
126 139 100
64 121 63
124 126 95
124 130 95
129 141 103
134 152 110
136 161 117
125 126 96
123 128 95
130 139 103
135 150 110
136 158 115
137 133 107
132 130 102
128 129 99
131 137 102
131 143 105
129 148 107
121 149 104
141 137 110
135 133 103
131 134 100
126 135 97
119 136 95
145 138 113
140 135 107
134 133 102
126 131 96
115 130 91
148 138 115
145 137 112
137 133 104
126 128 96
113 125 88
145 134 113
145 136 112
138 132 106
129 129 99
116 125 91
140 128 111
143 132 113
145 135 114
139 133 108
130 129 101
117 124 92
112 126 91
144 134 115
145 137 116
139 134 110
129 129 102
115 121 90
143 136 116
144 138 116
136 133 110
126 127 100
111 117 88
131 130 106
123 145 95
137 135 113
161 170 124
140 155 107
119 141 91
100 126 75
92 121 69
143 138 119
139 135 115
133 132 111
123 126 103
114 122 97
151 161 115
132 149 101
114 137 87
98 125 74
92 123 71
116 148 97
143 137 118
139 135 116
135 134 113
127 131 108
121 130 105
147 155 110
133 146 99
117 134 86
103 124 75
92 117 68
91 119 69
96 126 76
105 135 86
116 145 96
128 158 109
138 168 120
145 138 120
143 136 118
140 135 116
136 135 115
132 136 113
128 138 112
127 140 113
133 143 98
117 131 84
103 120 72
92 112 64
87 110 62
89 114 66
97 124 76
106 133 85
115 142 95
126 154 107
135 164 118
143 136 118
140 135 116
136 135 115
132 136 113
128 138 112
117 131 84
103 120 72
92 112 64
87 110 62
89 114 66
97 124 76
106 133 85
115 142 95
126 154 107
135 164 118
136 164 119
143 136 118
140 135 116
136 135 114
132 136 113
128 138 112
115 130 82
101 118 70
90 110 62
86 108 60
88 113 65
96 122 74
103 130 82
111 137 91
121 148 102
130 157 112
132 159 115
143 136 117
139 135 115
136 135 113
132 136 112
129 138 112
108 125 77
94 113 64
83 104 56
80 103 55
83 107 60
90 115 68
95 120 74
99 124 78
105 129 85
112 135 92
144 137 117
139 134 114
133 132 110
129 133 109
126 135 108
132 149 101
110 129 80
95 115 66
84 106 57
80 102 54
80 103 56
85 108 62
87 110 64
88 111 66
92 113 70
98 117 76
152 143 123
146 138 118
137 132 111
129 127 106
123 127 103
119 129 102
118 133 104
119 140 91
104 126 77
92 114 65
83 105 57
79 101 54
79 100 55
80 98 55
147 137 116
134 127 106
121 119 96
113 117 92
110 119 91
124 148 97
112 135 86
101 124 75
94 115 68
90 111 64
147 135 114
129 121 99
112 109 85
101 105 78
98 107 79
111 135 86
165 151 129
155 141 119
142 130 108
124 116 92
107 104 78
119 142 95
156 141 118
146 133 109
136 124 100
119 112 86
103 100 74
119 146 96
127 152 104
133 156 109
136 159 112
133 155 110
135 122 98
131 117 94
128 115 91
125 113 89
118 111 85
111 108 80
97 100 70
112 142 91
122 151 101
130 157 109
135 160 114
135 160 114
134 158 113
114 102 78
114 103 79
116 106 80
118 110 83
117 112 84
96 128 76
108 139 88
120 150 100
129 157 109
134 162 115
137 164 117
139 164 119
115 108 82
113 106 80
112 105 78
116 109 82
118 112 84
85 117 65
98 129 78
111 141 91
124 152 104
132 159 112
137 162 116
140 164 119
143 165 122
138 158 116
122 116 91
118 112 86
114 107 81
117 110 83
118 112 84
93 125 73
87 119 67
101 131 80
115 143 94
128 155 107
137 162 115
141 165 119
144 166 122
146 167 124
141 134 108
136 128 103
129 121 96
121 114 89
120 113 88
119 113 86
113 111 82
97 129 78
91 123 72
104 134 84
118 146 97
133 159 112
142 166 120
147 169 124
149 169 125
149 168 125
141 133 108
136 128 104
130 124 99
126 120 95
122 117 90
112 143 93
103 134 83
96 127 77
105 134 85
114 141 94
125 150 104
132 155 110
136 157 113
143 133 109
143 134 110
141 135 110
134 129 103
126 123 96
110 140 90
102 132 83
104 132 85
107 133 88
112 136 91
115 137 94
143 134 110
144 137 112
117 146 97
110 139 90
109 136 89
107 132 87
103 127 83
134 121 100
138 126 104
142 132 109
146 139 114
140 137 110
114 140 93
134 121 100
138 126 104
142 132 109
146 139 114
140 137 110
132 119 99
131 119 98
135 123 102
138 129 106
141 135 110
136 134 107
131 132 104
125 113 92
126 115 93
126 118 95
126 121 97
125 124 98
111 137 91
118 106 86
118 108 87
118 111 88
117 113 89
119 120 94
113 139 92
108 134 88
106 132 86
102 127 82
93 116 73
113 107 85
103 127 81
99 123 78
100 124 79
98 121 78
92 115 72
99 120 75
97 120 75
97 120 76
101 123 80
101 124 81
97 119 77
92 114 73
109 105 81
95 115 72
98 120 77
104 127 83
107 129 87
104 126 85
96 91 69
101 96 74
105 102 78
108 107 81
109 109 83
100 119 78
104 125 83
110 131 89
112 134 92
109 131 90
96 92 69
100 97 73
101 99 74
101 101 74
98 99 71
108 119 82
104 119 79
107 124 84
110 130 90
114 134 94
115 137 96
94 91 66
100 98 72
105 103 77
106 105 78
105 107 78
101 104 74
100 104 73
113 127 89
109 127 87
108 127 87
107 128 87
108 130 89
108 130 89
107 107 78
112 112 83
112 115 84
112 117 84
108 114 82
122 134 97
119 136 96
115 136 95
109 132 91
105 129 87
104 127 86
102 126 84
101 125 83
94 127 81
122 126 94
125 130 97
126 133 99
126 136 99
124 134 98
126 146 105
122 147 104
114 140 97
107 134 91
104 130 88
101 127 84
99 123 81
101 120 80
91 115 73
88 117 73
88 122 75
96 132 85
130 143 105
131 149 109
130 153 111
126 154 110
119 148 103
112 141 97
107 135 92
103 129 86
99 118 78
92 114 72
91 116 74
95 122 78
101 131 87
109 141 96
116 146 102
125 144 103
129 150 109
130 155 112
129 159 114
125 154 109
120 149 104
113 141 97
107 132 90
106 127 86
102 123 82
100 121 80
104 124 83
110 130 90
115 135 95
120 140 99
124 143 103
138 160 118
130 154 111
118 143 100
105 132 88
109 135 90
122 139 100
126 148 106
127 154 110
129 159 113
127 157 112
125 154 109
121 147 103
109 132 91
106 129 88
107 128 87
111 131 90
117 135 95
119 135 96
120 134 96
120 133 96
121 132 96
133 163 117
124 155 108
110 142 96
96 128 83
102 132 86
121 145 102
124 151 106
127 157 110
129 158 112
130 158 113
128 154 110
111 135 94
113 135 94
116 136 96
120 138 98
118 133 94
114 126 89
111 120 84
109 115 81
129 162 115
123 158 110
116 152 104
105 142 94
94 131 84
97 131 84
102 133 86
119 143 100
122 149 104
126 155 108
130 158 113
134 161 117
137 160 117
123 150 107
120 147 104
119 144 102
119 143 100
121 142 100
124 142 101
122 137 98
120 131 94
115 121 86
113 152 104
109 149 101
101 142 93
92 134 85
93 131 83
123 142 102
118 142 100
120 147 102
125 153 107
131 158 113
138 163 120
144 165 124
127 155 111
127 155 111
127 153 110
126 150 106
126 148 105
127 147 103
127 142 102
127 137 99
121 125 90
115 115 82
113 152 104
109 149 101
101 142 93
92 134 85
93 131 83
118 142 100
120 147 102
125 153 107
131 158 113
138 163 120
144 165 124
146 162 123
131 157 114
130 157 114
132 159 115
131 158 113
128 154 109
129 152 108
130 150 107
133 147 106
135 143 106
129 131 96
102 144 95
118 141 99
121 146 102
125 152 106
130 156 112
136 160 117
141 161 120
142 158 119
129 154 111
131 157 113
130 157 112
128 154 108
129 152 108
132 151 108
136 150 109
140 147 110
134 135 101
111 151 105
110 151 104
107 150 102
103 148 99
103 146 97
121 143 101
124 148 104
126 150 106
129 151 108
130 150 108
115 140 96
117 141 97
118 143 98
119 143 98
123 145 100
129 147 104
134 147 106
114 152 108
114 153 108
113 155 108
112 157 108
112 156 107
125 143 104
126 146 105
126 147 105
123 144 101
119 141 97
117 137 95
131 142 108
111 132 91
107 130 86
109 132 88
113 135 90
118 138 94
124 141 98
130 141 101
135 141 103
124 152 113
124 155 114
121 155 113
121 158 114
120 162 115
122 164 116
121 164 115
128 143 105
139 156 116
137 155 114
132 150 109
119 139 97
108 129 86
130 132 103
127 132 102
125 134 102
124 136 101
118 133 95
111 129 89
105 124 83
101 121 78
102 122 79
104 125 81
108 128 84
113 130 87
117 132 90
123 133 93
128 134 95
122 146 108
120 147 108
121 153 110
122 159 113
124 164 116
136 150 112
151 167 127
147 165 124
139 158 116
122 143 100
108 130 87
104 126 83
132 132 104
127 129 100
124 129 97
121 130 94
117 129 92
113 129 89
109 127 85
106 127 83
107 128 83
108 129 84
110 131 85
112 130 86
114 129 86
118 128 87
122 127 88
115 133 97
115 135 98
117 143 102
120 153 108
124 160 113
131 141 105
146 158 120
162 177 138
157 175 134
146 167 124
128 150 107
113 136 92
139 133 107
135 130 103
128 127 97
124 126 93
121 126 90
120 129 91
118 133 92
117 136 92
117 138 93
116 140 93
115 140 92
114 137 89
113 133 87
113 129 84
114 125 82
115 121 81
119 121 84
106 112 82
105 114 82
104 116 82
106 125 87
110 136 94
116 148 102
120 157 108
146 160 121
163 179 139
160 179 137
153 174 130
136 159 114
122 146 101
142 135 108
133 129 99
127 126 93
123 125 89
122 130 91
123 137 94
124 145 99
125 151 103
124 154 103
123 154 102
121 150 99
119 143 94
117 135 89
115 127 83
112 119 79
95 97 67
94 99 67
96 108 73
100 120 80
108 135 91
145 160 121
162 179 138
163 182 139
158 179 135
143 166 121
157 147 121
149 141 112
138 132 101
130 127 93
124 124 88
124 132 91
126 141 97
130 153 105
132 163 111
132 167 113
131 167 112
129 162 108
125 153 102
121 142 94
116 130 85
110 119 77
107 99 73
104 99 72
101 100 70
101 107 73
101 116 78
107 131 88
112 145 98
162 181 138
149 141 112
138 132 101
130 127 93
124 124 88
124 132 91
126 141 97
130 153 105
132 163 111
132 167 113
131 167 112
129 162 108
125 153 102
121 142 94
115 101 77
112 101 76
109 102 74
105 107 75
102 114 77
105 127 86
125 136 99
155 147 120
148 140 111
137 132 101
129 127 93
123 124 87
123 131 91
125 140 96
129 153 104
131 163 111
132 167 114
132 168 113
130 163 110
127 155 104
120 101 79
118 102 78
115 104 78
111 109 79
107 116 81
106 126 85
138 145 109
131 142 104
128 142 104
131 148 108
142 160 119
151 145 116
143 138 108
136 131 100
128 126 92
120 121 84
119 128 88
121 137 93
134 171 117
126 104 82
123 104 82
121 105 81
118 106 81
114 112 82
110 118 84
106 126 86
142 153 115
133 148 109
128 147 106
130 150 108
139 159 117
139 135 104
133 130 98
126 125 91
119 121 84
117 127 87
118 135 91
130 166 113
125 108 85
121 108 84
119 109 83
114 114 85
110 120 86
147 161 122
140 157 117
131 151 110
125 149 106
127 151 108
135 158 114
149 168 125
134 131 99
130 128 95
125 126 91
119 123 86
118 128 88
117 148 99
117 152 101
120 154 102
125 155 104
130 154 105
122 109 85
115 107 81
111 107 80
108 112 81
106 118 84
136 159 117
127 154 111
121 151 106
122 152 106
130 157 111
123 124 89
117 134 91
116 140 94
115 146 97
115 148 97
117 149 98
122 148 99
127 147 100
106 105 77
100 104 73
100 108 76
101 114 79
103 127 88
132 159 117
123 155 111
117 153 106
117 152 105
124 155 108
120 135 93
119 141 95
118 145 97
118 146 97
119 146 97
121 143 96
125 140 94
128 136 93
101 98 71
95 97 68
95 101 69
96 106 73
98 118 80
125 157 111
119 127 89
121 134 93
121 141 96
122 146 99
122 148 100
123 146 99
123 140 95
122 132 89
106 98 73
96 92 66
91 91 63
90 94 64
91 98 66
93 108 73
96 118 80
132 158 113
121 133 92
123 141 97
125 146 101
127 149 103
127 146 101
125 138 94
120 125 84
96 92 66
91 91 63
90 94 64
91 98 66
93 108 73
134 160 116
131 159 114
132 158 113
136 158 114
136 155 111
122 132 92
124 138 95
126 143 99
128 146 101
129 143 99
98 94 67
93 92 64
92 95 65
93 99 68
95 109 74
135 160 116
131 157 112
130 155 111
132 154 110
131 150 107
123 138 94
103 98 72
99 97 70
100 100 72
101 104 75
101 111 78
151 166 125
140 158 116
130 150 107
124 144 101
119 139 96
115 133 91
110 128 85
113 104 80
108 102 77
105 101 75
106 105 78
109 111 82
110 117 86
110 123 89
151 160 121
135 148 107
122 138 96
113 129 87
106 123 81
102 120 78
113 107 82
109 106 80
112 111 84
117 118 90
121 127 97
173 174 138
161 164 127
140 146 107
121 130 90
106 118 77
97 111 70
92 107 66
93 110 68
113 109 84
109 107 81
113 113 86
120 122 93
125 131 101
159 159 123
145 147 110
124 129 91
106 114 75
95 106 65
90 102 61
152 149 113
147 142 109
141 132 103
155 145 118
169 160 134
118 111 87
112 108 84
108 107 81
112 114 87
119 123 94
125 133 102
129 140 107
151 151 115
139 140 103
125 127 90
106 110 72
92 99 60
87 96 56
87 98 58
123 145 99
140 148 107
138 142 103
136 135 98
134 130 95
132 126 93
134 127 96
137 129 99
143 134 105
149 140 111
156 147 119
161 152 124
164 155 128
165 157 131
166 159 133
175 170 144
184 180 153
112 109 85
109 110 85
113 117 90
118 124 96
123 132 102
132 134 97
124 127 90
116 121 82
106 112 73
98 107 66
95 105 64
140 156 113
134 153 109
134 154 109
133 155 110
132 155 109
125 137 94
123 130 89
121 122 83
121 119 83
122 117 83
130 123 91
137 129 99
145 136 106
152 143 114
158 149 121
161 153 125
163 154 127
163 156 130
163 157 132
176 171 145
188 185 158
200 196 170
206 202 176
115 109 86
112 111 87
111 114 88
114 120 93
119 126 98
121 132 102
114 118 80
112 117 79
110 117 78
109 118 77
107 118 76
105 117 75
154 170 127
148 167 123
143 163 119
138 159 114
133 154 108
121 138 95
122 135 93
122 129 89
121 122 85
122 121 85
124 120 86
130 125 92
136 130 99
144 137 107
152 145 116
163 155 127
168 161 134
172 164 138
168 160 135
162 154 131
169 162 139
178 171 148
191 183 160
197 189 166
193 186 163
120 111 87
119 115 90
120 120 93
123 125 98
126 131 102
120 126 88
111 118 79
113 122 83
117 128 87
122 136 94
124 140 97
119 137 93
111 129 86
159 171 130
154 170 127
148 167 123
143 163 119
138 159 114
133 154 108
129 149 103
119 131 90
122 129 90
126 126 90
128 126 92
130 127 94
134 129 98
137 132 102
143 137 108
151 145 117
165 159 131
174 167 141
179 172 147
171 163 140
160 151 129
161 152 131
165 155 135
177 167 147
183 173 152
179 169 148
166 156 135
148 136 115
124 108 85
123 112 88
125 118 93
128 125 98
130 130 103
133 135 107
130 138 108
111 122 82
117 129 89
124 138 97
134 151 108
137 158 114
131 153 109
157 169 128
152 168 125
146 165 121
140 160 116
135 154 110
128 149 103
124 144 98
110 120 80
117 124 86
128 130 94
140 138 104
146 142 109
150 145 114
147 142 112
144 139 110
143 138 110
148 143 116
162 156 130
174 166 142
184 176 153
173 164 142
156 146 126
148 138 118
143 133 114
152 142 123
157 146 128
155 145 126
146 135 116
132 121 102
124 113 88
128 121 95
134 130 103
137 135 108
139 140 112
122 135 94
126 141 99
131 148 106
138 159 115
141 165 120
136 162 116
148 156 117
150 162 121
145 160 118
140 157 113
130 148 105
121 140 96
112 130 86
115 119 83
131 131 97
150 147 114
158 153 123
164 158 129
157 151 123
151 145 117
144 138 112
160 152 129
171 162 141
150 140 121
136 126 107
126 115 97
132 121 104
136 126 108
137 127 109
132 122 104
124 114 95
112 101 83
127 114 90
130 121 95
135 129 102
137 135 107
140 140 112
134 153 110
137 160 115
137 144 105
139 150 109
135 149 107
130 147 103
120 138 94
110 129 84
101 120 75
112 117 82
131 132 99
154 151 120
165 160 131
173 167 140
165 158 131
125 115 98
111 101 85
116 106 90
121 111 94
125 115 98
126 116 99
125 114 97
130 122 96
121 124 87
122 128 90
124 134 93
121 135 93
117 135 91
109 128 84
102 122 77
97 108 72
108 116 81
125 129 96
146 146 116
159 156 128
169 164 138
163 157 131
102 92 76
104 94 79
109 99 83
115 105 89
121 111 95
128 118 102
127 117 100
131 118 94
126 114 90
123 115 89
124 118 91
126 123 95
113 115 78
114 119 80
115 124 83
114 128 85
114 131 87
108 127 83
95 112 74
102 117 81
115 126 92
132 137 106
147 147 119
160 156 131
157 152 128
95 84 68
98 88 72
106 96 80
118 108 92
134 124 107
130 117 94
121 110 85
114 106 80
113 107 81
113 110 83
107 108 71
107 112 73
109 118 77
111 125 82
114 131 86
112 131 86
97 123 82
98 122 82
101 122 84
105 124 87
114 128 94
126 134 103
138 142 114
151 149 124
90 79 64
92 81 65
99 89 73
113 103 86
130 121 104
140 132 113
134 123 99
123 112 88
115 105 80
108 101 75
107 102 76
107 106 78
111 115 85
114 112 75
113 113 75
112 117 77
112 122 80
113 127 83
114 132 86
112 131 84
109 131 83
106 135 93
106 133 93
107 132 93
109 131 93
114 131 96
120 132 101
130 137 109
141 143 117
87 76 60
93 82 66
107 97 80
125 117 98
138 131 111
116 106 81
109 101 75
103 97 71
102 99 72
102 102 74
120 120 80
119 123 82
117 127 84
116 130 85
115 133 86
111 131 82
101 131 88
99 126 86
101 125 87
102 125 88
104 125 89
109 125 92
115 127 97
125 131 104
89 77 62
87 75 60
90 79 63
100 90 73
114 107 88
127 121 101
139 134 113
116 106 81
109 101 75
103 97 71
102 99 72
102 102 74
125 124 85
124 127 87
122 131 89
120 135 91
117 137 90
113 138 89
108 134 84
95 124 82
94 119 80
97 120 83
99 120 84
100 120 86
105 121 89
112 124 94
121 128 100
87 75 60
88 77 61
96 86 69
107 99 81
119 114 93
132 128 106
125 122 99
118 116 92
122 114 88
114 105 80
108 100 74
102 96 70
101 99 72
128 128 89
127 132 92
126 137 95
123 143 97
118 144 95
113 143 92
97 130 85
95 124 82
94 119 80
97 120 83
99 120 84
100 120 86
105 121 89
87 75 60
88 77 61
96 86 69
107 99 81
119 114 93
132 128 106
125 122 99
118 117 92
115 110 83
107 101 75
102 97 70
98 96 68
99 99 71
128 125 88
128 129 91
129 135 95
127 142 98
124 148 102
119 149 100
113 150 98
108 146 94
93 121 80
91 116 78
94 117 81
97 118 83
99 119 85
95 86 68
106 98 80
119 113 93
132 128 106
128 125 102
123 122 97
114 117 91
118 123 93
110 111 81
102 102 73
98 98 69
95 98 68
98 103 72
102 110 78
126 128 89
127 135 94
127 142 99
124 150 104
120 153 104
115 154 103
113 152 101
104 137 93
90 121 79
87 114 75
85 109 73
89 112 77
93 115 81
96 116 83
103 119 88
104 96 78
119 112 92
134 128 107
134 130 108
134 132 108
129 131 105
107 117 83
99 107 73
95 103 69
95 105 70
99 110 75
121 125 85
123 131 90
123 139 96
123 148 102
122 153 105
121 157 108
105 136 93
92 120 81
89 115 78
88 111 76
93 115 81
97 118 85
101 120 88
105 97 78
119 113 92
134 128 107
139 135 113
143 140 118
142 142 118
109 127 90
102 118 80
99 115 77
99 116 77
104 120 81
116 120 80
117 124 83
118 132 89
119 140 96
123 149 103
127 157 110
117 145 103
108 135 95
97 123 85
96 119 84
96 117 83
101 122 88
106 125 92
109 127 95
107 100 80
121 114 94
135 129 108
144 139 118
152 148 127
154 153 131
154 156 133
113 139 98
108 133 91
106 130 87
106 130 86
109 131 88
112 112 73
110 113 74
110 115 76
112 122 81
115 131 88
124 144 100
134 156 112
106 129 91
103 124 88
104 123 89
106 122 91
110 125 94
129 122 103
143 136 117
154 148 129
163 159 139
167 165 144
165 166 144
119 145 104
121 148 105
119 146 101
117 143 98
116 141 96
116 140 95
116 139 95
114 114 76
111 114 75
109 113 74
110 116 77
112 122 82
123 135 94
135 148 107
104 124 86
109 127 92
112 127 95
116 127 98
118 127 99
137 130 112
151 144 126
164 158 139
174 170 150
178 175 155
174 174 152
128 155 112
129 157 111
127 155 109
124 151 105
122 147 101
117 117 79
113 114 76
109 111 73
109 112 74
110 115 77
122 127 89
134 139 102
103 121 84
110 127 92
118 133 100
120 131 101
121 128 101
119 124 99
117 121 96
141 134 115
154 147 128
161 156 137
167 163 144
168 164 145
163 161 141
155 157 131
145 151 121
130 156 113
129 157 112
126 154 108
122 150 104
118 145 100
117 117 79
113 114 76
109 111 73
109 112 74
110 115 77
122 127 89
117 132 97
126 138 107
125 134 105
124 129 103
119 121 97
153 147 128
155 149 130
156 152 132
154 151 131
149 148 128
145 146 120
138 143 113
129 155 111
126 154 109
122 151 105
117 146 100
113 142 95
124 122 85
120 119 82
116 116 78
112 113 75
111 113 76
111 115 77
121 125 88
122 137 100
126 139 105
129 140 109
126 133 104
122 126 100
117 119 94
113 112 89
144 138 119
138 133 114
133 129 110
132 129 109
130 130 108
131 132 106
129 135 103
103 112 81
120 145 103
122 149 105
116 145 99
110 140 93
105 135 87
102 132 83
99 129 81
128 126 91
125 123 88
121 120 84
118 117 82
116 115 80
130 144 109
131 142 110
127 135 105
123 127 100
120 121 95
116 112 92
117 114 94
118 117 95
123 125 98
123 130 98
118 147 101
109 140 92
102 133 85
96 128 78
94 125 76
137 135 101
134 133 98
130 129 94
126 123 89
120 117 83
130 147 109
131 146 111
133 145 112
130 139 108
128 133 105
126 128 101
122 121 96
105 101 81
110 107 86
114 114 91
121 124 95
123 132 98
118 149 101
107 140 91
98 132 82
91 125 74
90 123 72
139 140 104
122 138 101
124 138 103
126 136 104
127 133 104
127 130 102
105 101 80
110 107 86
115 115 91
123 129 98
125 137 101
120 151 105
120 153 104
110 145 94
101 136 85
94 128 77
93 127 76
94 126 76
103 121 81
106 124 85
112 127 91
118 130 96
123 131 100
125 130 100
125 126 99
115 110 89
109 106 84
113 112 89
118 119 95
127 135 103
130 144 106
107 128 90
122 155 108
123 158 108
115 152 100
108 144 92
100 136 84
99 134 82
99 133 82
100 117 77
105 120 81
111 123 87
117 126 92
120 126 94
112 110 88
113 114 90
117 121 94
125 138 104
128 148 108
107 133 92
110 139 96
123 158 108
120 155 104
115 150 99
109 144 93
107 142 90
96 111 71
99 113 73
106 118 80
112 122 85
115 123 87
114 114 91
112 115 90
114 121 94
122 141 105
125 151 109
106 137 94
108 141 96
123 156 108
125 158 108
122 156 105
118 153 101
114 149 97
100 117 76
103 120 78
111 124 85
117 128 90
120 129 92
111 110 86
106 109 83
107 114 86
118 136 100
123 148 106
106 137 94
108 141 96
111 145 98
119 152 104
123 156 108
125 158 108
122 156 105
118 153 101
114 149 97
111 146 94
103 122 79
106 124 82
114 129 89
121 133 94
123 133 95
102 104 78
102 108 80
116 133 96
121 145 103
106 136 94
108 140 95
111 144 97
118 151 103
123 155 107
124 157 108
122 156 105
118 152 101
114 149 97
103 122 79
103 122 79
106 124 82
114 129 89
121 133 94
123 133 95
126 134 97
102 104 78
101 108 80
115 131 94
120 143 102
105 133 92
107 136 92
109 140 94
116 146 100
120 152 104
123 155 106
121 155 104
116 151 100
114 149 97
111 147 95
104 123 80
108 126 84
116 132 91
124 136 97
126 137 99
103 107 80
115 127 92
121 139 100
106 130 90
107 132 90
108 136 91
113 141 95
116 146 99
118 150 101
116 150 100
111 146 96
109 146 94
105 126 83
111 131 89
121 138 97
129 144 104
133 145 106
122 134 98
108 125 89
108 129 89
108 132 89
109 135 90
109 138 92
109 141 93
105 140 91
100 138 88
100 139 88
107 129 86
102 124 81
108 129 87
116 136 94
127 145 105
109 121 87
110 126 88
110 130 89
108 132 88
106 133 88
102 134 87
98 133 85
104 126 83
104 126 83
112 133 91
122 142 100
135 153 113
112 124 89
113 130 91
108 130 88
103 129 85
97 128 82
93 127 80
100 121 78
99 120 77
100 121 78
111 131 88
125 143 101
139 155 115
151 165 127
110 132 91
104 130 86
94 114 72
96 115 73
109 127 85
125 141 100
141 155 115
92 111 68
93 111 68
103 119 78
116 130 90
131 143 104
100 115 74
95 114 71
100 116 74
105 119 79
111 123 83
120 128 91
99 118 75
104 121 79
108 122 81
110 121 82
115 123 86
98 121 77
101 122 79
105 123 80
106 121 80
107 118 79
110 118 82
114 119 85
101 123 79
103 121 78
103 117 76
102 113 74
106 113 77
104 129 84
101 122 78
99 117 74
98 112 71
97 107 68
102 109 73
97 123 77
94 116 71
92 110 67
91 105 64
91 101 62
99 106 69
108 111 76
96 125 78
89 116 69
86 109 64
84 103 60
85 99 58
86 96 57
97 103 66
86 115 66
84 109 62
82 104 59
82 99 56
82 95 54
94 103 64
83 114 64
82 110 61
81 105 59
80 99 55
79 94 51
82 116 65
83 114 64
82 110 61
81 105 59
80 99 55
79 94 51
92 102 62
86 122 70
87 120 69
87 116 66
85 110 63
83 104 58
81 98 54
95 106 65
97 133 80
97 129 77
94 122 73
90 114 66
86 105 59
99 114 70
114 125 83
98 140 83
101 140 84
101 136 81
97 129 76
94 121 71
90 114 65
105 125 78
122 137 93
103 144 84
101 140 82
97 133 77
95 127 73
95 123 70
113 136 87
132 150 103
152 166 121
103 144 80
102 142 78
97 137 74
98 135 74
99 135 75
119 149 93
137 162 110
103 144 74
98 141 71
101 143 75
105 147 81
124 162 100
141 173 115
151 173 122
109 151 80
113 155 85
118 161 92
133 170 107
144 176 117
146 168 116
121 163 91
125 168 97
131 173 104
141 178 113
147 178 118
141 163 110
139 181 109
140 182 112
142 183 115
146 181 118
147 177 118
138 160 107
128 144 96
148 189 121
146 187 118
145 186 118
144 184 118
146 181 119
146 176 117
138 162 108
141 182 117
138 178 114
137 175 112
142 176 116
145 176 118
143 169 114
119 158 97
117 155 95
117 153 94
129 163 104
140 171 114
88 124 68
88 123 67
91 125 69
112 144 89
132 163 108
85 115 65
78 108 56
77 107 55
79 107 56
100 127 75
121 148 96
143 171 118
72 96 49
71 94 47
71 92 46
89 112 64
109 133 83
85 105 60
82 101 56
79 98 53
93 113 66
108 129 81
95 112 68
90 107 63
86 102 58
96 113 68
107 127 80
101 120 76
95 112 68
90 107 63
86 102 58
96 113 68
107 127 80
126 148 100
103 119 75
99 114 70
95 110 66
104 121 76
115 134 88
124 140 96
120 135 91
117 131 87
113 127 84
122 137 94
133 150 106
151 169 126
123 135 93
123 135 93
124 136 94
138 151 109
153 168 126
122 133 92
118 129 88
123 134 93
130 141 100
152 164 124
173 187 147
195 208 169
111 118 80
120 128 89
132 141 102
159 169 131
185 196 158
206 217 180
104 108 72
116 123 86
133 141 104
165 173 137
194 203 168
214 223 189
227 235 203
123 127 93
142 147 113
170 176 143
195 201 169
207 212 181
115 115 83
132 133 101
151 155 123
175 178 147
193 196 167
196 197 171
196 196 171
125 123 93
143 142 113
164 164 135
177 177 149
186 185 158
176 173 150
135 131 103
154 151 124
175 172 146
179 175 150
178 174 150
160 154 132
144 137 117
128 120 94
145 139 113
165 159 134
185 179 155
180 174 151
171 164 142
147 139 119
152 143 118
170 161 136
187 179 154
175 167 144
161 153 131
136 127 106
156 146 120
171 160 135
183 174 149
167 159 134
150 142 118
136 125 100
154 143 118
164 153 128
171 161 135
156 148 122
142 134 109
125 117 92
151 140 115
155 145 119
157 148 121
146 138 111
136 129 102
148 138 112
151 142 115
152 144 116
154 146 119
155 148 120
141 132 105
146 137 110
148 139 112
149 141 113
160 152 124
169 162 134
173 167 139
146 137 110
148 139 112
149 141 113
160 152 124
169 162 134
145 136 109
150 141 115
153 144 117
154 146 118
166 158 131
176 169 141
154 145 119
160 151 125
163 154 128
165 156 130
179 171 145
157 148 122
169 160 134
177 168 142
179 170 144
180 171 145
187 179 153
192 184 158
172 163 137
188 178 153
198 188 163
198 189 163
196 187 161
192 184 158
158 151 124
184 176 150
199 190 165
206 197 173
200 191 167
191 183 158
177 169 145
169 162 136
196 189 163
209 201 176
212 203 180
199 191 167
182 174 150
159 152 128
203 195 170
210 202 177
207 198 175
188 180 157
167 159 136
208 200 176
211 202 179
202 193 171
181 173 150
157 149 127
190 182 159
208 199 176
209 201 178
201 192 170
184 175 155
165 157 137
161 154 133
201 192 170
203 194 173
197 189 168
186 178 158
173 165 146
185 176 155
191 182 162
191 183 164
188 180 160
183 175 156
154 145 123
169 159 139
178 168 149
182 174 155
183 175 156
183 176 157
182 175 156
138 128 107
153 143 123
163 153 135
171 161 143
175 166 148
179 171 153
144 135 114
157 148 127
163 153 134
165 155 136
167 157 139
168 160 141
141 134 111
155 147 125
165 156 135
165 156 136
160 150 131
158 148 129
157 148 128
161 156 131
170 164 140
171 163 140
163 154 132
151 141 121
149 139 118
175 172 145
182 176 151
175 167 143
162 153 130
145 134 113
142 131 110
143 132 111
159 159 131
175 172 145
182 176 151
175 167 143
162 153 130
145 134 113
142 131 110
176 173 146
179 174 148
169 162 137
156 147 124
142 131 110
141 130 108
174 175 147
177 175 148
172 167 142
155 148 123
143 134 110
135 124 101
148 156 124
165 169 139
176 178 149
171 170 143
161 156 131
143 136 111
136 127 103
153 159 129
167 170 141
174 175 148
162 159 133
148 143 117
132 124 99
133 123 99
145 133 110
139 145 114
157 161 131
166 168 140
170 169 142
153 149 124
139 132 108
128 119 96
136 124 101
140 144 113
160 162 133
166 165 137
165 163 136
145 139 115
131 123 99
127 116 93
139 126 104
145 147 117
166 165 137
165 162 135
160 155 129
139 132 108
128 118 95
131 133 103
151 151 122
172 169 141
165 160 134
155 148 124
135 126 102
127 115 93
129 131 100
142 143 112
159 158 130
178 174 147
167 160 135
155 145 122
137 125 103
131 133 101
141 142 111
153 152 123
167 164 136
182 176 150
168 159 134
153 142 119
140 126 105
145 146 115
155 155 124
164 163 133
173 169 142
182 175 149
165 156 131
151 139 116
150 152 120
161 162 130
169 168 138
175 173 144
176 172 144
176 169 143
159 149 125
168 170 138
178 179 147
183 182 152
184 182 153
177 173 145
167 160 134
151 141 116
179 179 148
187 186 156
190 187 157
188 184 155
175 168 141
159 150 125
177 177 145
188 186 155
194 191 161
194 189 161
189 183 156
172 163 137
151 139 115
123 142 103
187 183 153
192 186 157
188 181 153
180 172 145
161 151 126
124 136 101
126 143 105
122 141 103
118 138 99
113 133 94
159 162 126
175 173 141
186 181 150
189 182 154
184 175 148
172 163 136
153 142 117
128 155 110
130 160 114
116 128 93
119 136 99
118 138 99
115 138 98
111 134 94
156 159 123
174 172 140
186 181 150
189 182 154
184 175 148
121 134 91
125 142 98
128 151 106
131 158 112
133 163 116
130 161 115
99 106 74
100 113 78
102 120 82
102 125 85
103 128 87
103 129 88
103 128 88
136 142 103
154 157 121
170 169 136
181 176 145
183 176 147
176 168 140
164 156 128
123 129 88
121 131 89
120 134 91
121 141 96
124 149 103
131 159 112
134 162 116
92 100 68
92 105 70
91 111 73
93 117 77
96 123 82
100 128 86
109 121 80
152 154 118
164 162 128
169 165 133
167 160 131
158 151 122
127 132 92
118 126 85
109 122 80
105 124 81
108 132 87
119 146 100
130 157 111
140 166 121
99 104 72
93 102 69
92 107 71
91 112 74
92 118 77
95 125 82
102 133 90
117 128 87
116 128 86
114 127 85
116 128 86
119 129 88
148 150 113
154 152 119
156 150 120
150 142 113
143 134 107
127 133 92
119 124 84
108 116 76
97 110 69
92 111 68
95 119 74
108 135 90
123 150 105
100 111 77
102 118 82
103 125 86
102 129 88
104 135 92
119 130 88
121 135 92
122 136 92
122 135 92
122 132 91
141 135 104
104 109 70
94 102 62
85 98 57
80 100 57
84 109 64
97 125 80
115 143 98
108 116 83
112 124 89
118 135 98
121 144 106
119 147 106
119 150 108
107 114 74
116 127 85
122 136 92
126 142 96
127 141 97
128 139 97
134 142 101
108 124 81
101 112 71
95 105 64
89 100 59
86 99 58
91 107 65
109 117 84
114 126 91
120 138 101
124 147 109
122 150 109
96 96 60
101 107 68
112 124 81
121 136 91
130 146 100
132 147 102
133 146 102
121 155 106
111 142 94
106 130 84
102 118 75
98 111 68
96 104 64
107 111 80
109 117 84
114 127 91
120 138 101
124 148 109
122 150 109
121 153 111
124 158 114
102 100 63
106 112 71
116 129 85
127 143 97
137 155 108
141 158 111
143 158 112
121 155 106
111 142 94
106 130 84
102 118 75
98 111 68
106 119 84
114 130 94
123 145 106
130 156 116
127 158 116
125 159 115
123 158 113
108 96 63
107 105 67
111 118 76
121 135 90
132 150 102
143 163 115
148 167 119
128 165 115
120 154 105
112 142 94
107 131 85
104 121 77
101 114 72
99 108 67
104 120 84
113 134 96
124 151 110
133 163 121
131 164 120
127 161 117
120 155 111
118 152 108
113 114 75
118 127 85
128 144 98
138 157 109
146 167 119
119 152 104
113 143 95
113 138 91
114 133 88
114 129 86
103 124 86
111 137 96
122 152 109
130 163 119
127 161 116
121 156 111
114 148 103
116 113 76
119 124 84
125 137 93
133 151 104
138 159 112
143 165 117
145 165 118
121 155 107
117 148 101
111 140 93
114 139 93
117 138 94
121 138 94
105 128 88
110 139 97
120 152 109
127 161 116
123 157 112
118 152 106
110 143 99
127 136 95
130 147 102
134 155 108
134 157 109
131 155 107
117 149 102
111 142 95
104 132 87
108 133 88
113 135 91
111 129 91
110 134 93
112 141 99
120 151 107
124 157 112
121 153 109
117 149 104
129 135 95
133 147 104
135 156 110
135 159 112
130 156 108
123 149 101
118 141 95
120 149 103
115 145 98
107 136 90
97 126 80
101 126 81
106 129 85
116 137 93
109 134 92
105 135 91
110 141 97
114 146 101
114 145 101
113 144 100
135 145 104
139 157 114
140 164 118
135 163 115
127 156 107
116 144 96
107 132 85
113 141 95
103 132 86
92 120 74
93 119 74
97 121 76
104 130 87
93 123 78
96 127 82
100 131 86
104 134 91
109 138 95
113 142 100
118 147 105
141 162 119
142 169 123
137 167 119
129 159 111
120 148 101
116 140 95
107 132 87
95 122 76
94 120 75
95 120 75
116 139 96
101 127 82
86 116 70
89 118 73
92 121 77
99 127 84
106 133 91
111 139 97
118 146 105
142 166 122
144 172 126
139 170 122
133 163 116
126 154 108
121 134 93
122 138 97
120 139 96
112 134 90
101 126 81
115 138 95
97 124 79
80 109 63
83 110 66
86 113 69
95 121 78
103 129 86
110 136 94
116 145 103
124 154 112
131 148 107
134 157 114
133 160 115
127 155 110
122 149 104
118 142 98
111 132 89
116 126 87
117 131 90
117 134 92
112 133 89
106 129 85
129 149 106
119 143 98
106 132 86
93 120 74
94 121 75
97 122 78
103 128 85
108 133 90
110 136 94
114 141 99
126 148 106
123 148 105
116 141 97
111 134 91
108 129 86
111 114 78
111 118 80
112 123 83
112 127 86
110 128 85
107 129 84
107 131 86
124 147 102
116 140 94
106 132 85
107 131 86
107 131 87
111 134 91
112 135 93
111 135 93
111 137 96
112 141 99
122 140 101
117 138 96
107 127 86
100 118 77
95 110 70
105 105 70
105 108 71
104 110 71
101 112 71
98 113 70
95 114 69
125 143 100
127 148 104
129 153 107
126 150 104
122 147 100
120 143 98
118 140 97
117 138 96
115 136 94
111 133 92
110 135 94
121 134 98
119 136 97
113 132 92
102 120 79
94 109 69
87 100 61
85 94 58
105 104 69
104 105 68
101 105 66
97 105 64
93 106 63
90 107 63
125 145 101
128 150 106
133 156 111
133 157 112
133 157 111
130 152 108
127 148 105
122 142 100
117 137 96
111 132 91
109 131 91
110 134 95
121 134 98
119 136 97
113 132 92
102 120 79
94 109 69
87 100 61
85 94 58
120 119 85
114 113 78
111 112 75
107 110 71
101 108 66
98 109 65
97 111 66
128 150 105
128 151 106
130 154 109
133 157 112
136 160 115
140 162 118
138 158 115
134 154 111
127 146 105
120 138 98
113 130 91
110 127 89
120 132 96
121 135 98
117 133 94
108 123 83
99 112 74
92 102 65
88 96 60
128 131 94
121 124 87
118 122 82
112 119 77
105 115 71
103 115 70
129 150 106
130 152 107
132 154 110
136 158 114
141 163 119
140 158 116
132 149 109
124 140 101
114 129 91
110 124 87
123 135 99
123 135 99
116 127 90
108 117 81
100 106 71
94 98 64
135 143 103
128 137 96
124 133 91
117 129 85
110 123 78
108 123 77
129 146 103
128 147 104
128 149 105
134 155 111
140 160 117
137 152 113
128 142 104
129 136 104
128 135 102
120 127 94
114 118 85
107 110 78
103 104 73
100 99 69
139 151 110
133 146 104
128 142 99
125 141 96
121 138 92
115 134 87
114 135 86
128 149 105
143 162 120
144 161 120
138 153 114
128 142 104
116 128 91
132 134 105
124 125 96
118 119 90
114 114 85
112 111 83
111 109 81
135 151 108
130 148 104
127 146 101
126 147 101
123 147 99
120 145 95
121 147 96
143 162 120
144 161 120
138 153 114
128 142 104
116 128 91
128 130 101
120 121 92
117 118 89
118 118 89
121 119 91
124 121 94
130 148 104
127 146 101
126 147 101
123 147 99
120 145 95
129 148 105
134 154 111
137 155 114
138 155 114
133 147 108
125 137 99
113 123 87
107 116 81
123 124 96
117 118 89
118 118 89
123 122 93
129 127 99
135 132 105
139 136 109
132 149 106
129 147 103
126 146 101
126 148 102
124 149 100
121 147 97
122 149 98
120 130 89
123 138 95
126 144 101
130 149 106
133 150 109
134 150 109
129 143 104
123 133 96
113 121 86
115 115 88
122 121 93
131 130 102
138 136 109
145 142 115
123 144 99
122 145 99
123 147 101
127 152 105
128 156 107
127 157 106
128 159 106
120 128 88
124 137 96
128 144 102
132 149 107
134 149 108
134 148 109
133 143 106
128 136 101
122 127 94
116 115 89
126 124 97
136 134 107
144 141 114
150 146 120
148 143 117
124 142 99
115 136 92
117 139 94
120 144 98
127 153 105
131 160 111
134 165 113
116 120 81
119 127 88
125 137 96
129 142 101
132 147 106
133 146 106
133 144 107
133 142 106
132 137 103
128 131 99
123 125 94
129 126 100
137 134 108
143 139 113
148 143 118
145 139 115
111 126 83
112 130 86
116 136 90
126 150 102
134 161 112
140 169 118
119 128 88
124 135 95
127 140 99
131 143 103
129 141 102
129 138 102
131 137 103
131 135 103
129 131 100
121 118 92
126 122 97
132 128 103
137 133 108
143 137 113
142 136 113
142 134 112
106 116 75
106 119 77
109 125 81
118 139 93
127 151 103
135 160 112
117 127 87
119 131 91
121 133 93
124 135 95
122 131 94
121 128 93
121 127 94
122 124 93
121 121 92
120 115 91
122 118 93
128 123 99
135 129 106
140 132 110
100 106 67
98 107 68
100 111 70
107 123 80
115 134 89
123 144 98
121 143 97
112 126 85
112 126 85
113 125 85
114 123 85
112 120 83
110 116 82
108 112 80
109 105 82
112 107 83
118 113 90
126 120 98
133 126 105
96 101 64
95 102 64
99 109 69
103 116 75
109 124 81
111 126 84
111 125 83
111 123 82
111 121 82
110 118 80
107 114 78
102 106 73
108 103 81
99 100 66
96 97 62
93 95 60
91 95 59
92 98 60
96 104 65
102 112 72
113 129 86
111 127 84
110 124 81
110 123 81
111 121 80
109 118 79
106 113 76
107 105 81
110 106 83
115 110 87
120 114 91
127 119 97
101 103 68
98 101 65
97 101 64
99 105 67
106 115 75
112 127 83
111 126 82
110 125 81
112 126 82
113 128 84
111 125 83
108 120 80
118 116 91
120 117 93
122 117 93
124 117 94
127 118 96
109 110 76
105 108 73
105 108 72
108 114 76
118 127 87
109 124 80
109 126 81
112 130 84
115 135 88
114 133 88
104 120 79
130 130 105
133 133 107
134 132 106
132 127 103
129 122 98
128 119 96
128 117 95
126 126 93
122 122 89
118 120 86
118 123 86
123 131 92
134 145 104
143 156 114
104 121 77
107 126 80
112 135 87
118 144 95
118 144 97
118 144 98
115 138 94
118 136 96
129 139 103
142 143 117
142 140 114
137 133 108
132 125 101
129 119 96
130 131 98
128 131 96
129 135 98
134 144 105
144 157 115
150 165 122
112 140 90
122 156 106
124 157 109
124 154 108
129 153 111
140 156 118
142 143 117
142 140 114
137 133 108
132 125 101
129 119 96
133 133 102
133 135 102
134 137 104
136 144 108
140 152 113
145 161 120
145 164 121
123 162 109
126 167 115
129 170 120
130 167 120
135 165 122
145 166 126
153 165 131
138 134 109
132 135 103
134 140 106
137 147 110
139 153 113
139 157 115
134 156 112
127 152 107
126 171 117
127 172 120
128 168 119
132 165 120
140 163 123
138 135 110
129 134 102
132 139 106
134 146 109
132 149 109
126 147 105
118 143 98
122 169 115
119 166 114
120 160 112
123 156 111
129 153 113
106 131 90
141 142 115
134 133 108
125 121 96
115 107 83
109 99 76
121 126 95
122 130 97
122 136 98
120 139 98
116 139 95
110 137 92
103 134 87
118 165 112
118 159 110
103 125 84
100 127 84
99 130 86
107 140 95
115 149 104
123 125 99
115 114 89
108 103 79
101 93 69
98 88 64
111 120 86
109 124 86
107 128 86
106 131 87
104 133 87
126 172 117
121 169 115
118 165 112
118 159 110
121 155 110
101 128 84
97 128 82
94 129 83
101 138 92
108 146 100
111 116 88
106 108 81
101 100 75
99 94 69
96 88 64
96 87 63
100 89 66
111 117 86
111 120 86
109 124 86
107 128 86
106 131 87
104 133 87
129 174 119
124 169 116
121 163 112
120 157 109
120 149 106
117 144 99
108 138 92
102 136 90
98 136 89
101 140 93
104 143 97
108 146 101
92 94 67
91 89 64
92 87 63
94 86 62
97 87 63
95 124 78
110 116 84
109 119 84
107 123 84
105 127 85
104 131 86
104 135 88
104 139 90
133 169 118
131 173 119
126 167 115
123 161 112
123 155 109
120 145 103
114 131 93
128 155 108
122 152 105
115 148 101
109 145 97
103 142 94
101 142 94
101 141 95
90 92 66
92 91 66
95 90 66
98 90 66
103 93 69
94 117 73
93 120 75
95 124 78
101 131 85
109 138 92
109 113 80
107 113 78
103 114 77
98 116 75
96 122 77
99 133 84
104 144 93
128 162 112
127 164 113
125 160 111
124 156 110
127 153 110
126 145 105
119 130 95
130 161 111
127 160 111
123 157 109
116 153 104
110 148 100
105 144 96
102 141 94
101 97 72
98 120 77
98 124 79
99 128 82
103 133 87
109 138 93
109 117 80
103 115 76
93 114 71
90 120 72
93 132 81
102 147 93
120 150 102
119 147 101
120 144 101
125 143 103
125 137 101
130 162 110
130 163 111
128 162 111
126 161 111
120 156 106
114 151 102
108 145 97
106 125 83
107 128 85
108 133 89
109 137 92
108 138 92
110 140 95
116 143 99
129 135 100
120 130 93
109 124 85
94 118 74
86 120 72
88 130 78
95 143 88
112 133 89
109 129 86
108 124 84
108 121 84
113 122 88
115 120 89
125 159 106
124 158 105
122 155 104
118 151 101
114 148 99
103 118 77
106 125 83
110 133 90
112 140 95
110 140 95
111 140 96
114 141 98
127 139 102
114 132 92
96 123 78
85 120 72
83 126 74
103 121 78
97 113 72
96 108 70
96 104 69
101 105 73
104 105 76
105 104 77
120 155 101
119 152 99
117 150 97
116 148 97
115 146 97
139 135 109
94 106 67
98 115 74
105 128 85
110 138 93
111 140 95
111 141 97
112 139 96
141 152 115
131 146 108
118 138 97
97 127 82
84 121 73
78 122 71
83 131 78
102 124 79
93 112 69
84 99 58
84 95 57
84 91 56
88 92 60
92 92 64
95 93 67
113 144 91
126 137 103
133 138 107
148 147 119
163 156 131
181 169 146
89 107 66
96 121 77
103 133 87
108 140 95
112 144 99
133 152 112
122 145 104
104 135 90
91 128 80
83 125 75
102 123 79
93 110 68
91 104 64
90 99 62
93 99 66
96 99 69
126 140 104
137 144 112
156 158 128
174 170 142
188 178 153
80 99 58
86 113 69
94 127 81
104 140 94
112 148 102
135 157 117
126 153 110
112 144 100
99 137 90
89 130 82
115 138 92
107 126 82
102 117 76
100 111 73
102 111 76
104 112 79
116 137 97
129 145 107
142 152 118
161 165 134
178 176 147
186 178 153
182 170 147
94 112 71
92 116 73
96 134 86
129 154 113
121 150 107
111 144 99
102 138 92
96 133 87
110 130 86
105 121 80
115 143 93
132 150 111
147 159 123
166 172 139
181 182 151
184 178 152
108 124 83
108 125 83
107 129 86
105 133 88
101 137 89
100 141 92
129 154 114
124 151 110
118 148 105
111 144 100
106 140 95
105 136 92
99 127 84
120 145 95
121 148 98
121 147 98
120 146 97
113 138 90
137 154 115
151 163 127
168 174 141
181 182 152
183 178 151
109 129 87
117 138 94
120 145 101
121 152 106
113 152 104
107 152 102
125 153 111
122 151 108
118 148 105
115 145 102
114 143 100
117 143 101
128 151 103
129 153 105
128 152 104
126 150 103
118 141 95
153 165 129
169 176 143
181 183 152
181 177 150
173 164 140
99 129 82
106 136 89
117 147 99
125 157 109
130 165 117
120 162 112
112 159 109
107 156 106
120 148 106
118 147 105
117 147 104
117 145 103
119 145 103
125 146 107
132 153 106
133 154 107
134 157 110
132 155 108
129 152 106
121 143 98
114 135 91
153 165 129
169 176 143
180 182 152
178 174 147
168 159 135
97 144 88
107 151 96
118 161 107
127 170 117
120 166 114
113 161 110
113 137 95
113 140 97
113 141 98
114 142 99
116 143 101
120 144 103
126 144 106
133 154 107
134 157 110
132 155 108
129 152 106
121 143 98
139 156 118
153 164 129
167 173 141
177 178 149
173 169 143
163 154 130
143 130 108
98 152 93
106 157 99
116 164 108
125 171 116
118 165 112
112 160 108
108 131 88
109 133 90
110 135 92
114 138 96
118 140 98
140 160 113
137 158 111
133 155 109
129 151 106
123 145 100
153 163 130
164 169 138
172 172 144
168 163 137
158 149 125
119 166 110
124 169 115
104 122 80
104 124 81
106 126 83
109 130 87
112 134 91
135 155 109
151 159 127
159 161 131
164 162 134
161 155 130
153 143 120
111 128 86
114 132 89
112 131 87
110 130 86
110 131 87
111 133 89
114 137 92
155 150 123
148 137 115
127 147 103
122 142 98
117 137 93
112 133 88
111 133 88
138 134 108
138 130 106
136 125 103
131 118 98
129 114 95
127 147 103
122 142 98
117 137 93
112 133 88
111 133 88
125 121 95
126 119 95
127 117 95
128 114 94
128 112 94
129 147 104
130 150 106
125 145 101
120 140 96
114 136 91
112 135 89
115 138 92
131 131 103
123 120 93
127 120 96
131 121 98
133 120 99
131 116 96
126 110 91
104 141 85
145 165 121
148 169 125
142 163 119
136 157 112
126 149 103
121 143 98
122 118 92
129 122 98
135 125 103
139 126 105
134 120 100
121 159 104
112 150 94
101 137 81
89 122 67
87 117 64
151 173 128
156 178 133
150 172 128
143 166 121
133 156 110
126 148 102
120 116 90
132 125 100
140 131 108
145 133 112
139 125 105
115 150 96
103 138 84
92 127 72
83 115 61
83 112 60
134 156 112
143 166 121
151 173 128
145 168 123
139 162 117
130 153 108
124 148 102
129 127 99
116 112 86
131 124 99
143 133 109
149 136 114
142 128 107
127 111 92
116 146 96
107 142 89
96 132 78
89 125 71
84 118 65
88 118 67
92 119 70
129 152 107
137 161 115
144 167 121
138 161 116
130 155 109
122 146 100
111 106 79
129 121 96
143 132 109
150 137 115
143 128 107
107 140 89
97 135 82
89 129 75
88 128 74
90 129 76
97 132 81
105 136 87
118 142 97
126 152 106
132 157 111
136 161 115
127 153 106
119 144 98
110 135 89
122 117 89
115 108 81
136 127 102
151 139 115
155 141 119
146 131 109
129 112 92
96 140 86
91 138 83
92 139 83
95 141 86
102 143 91
123 150 104
124 150 104
123 149 104
115 141 95
106 133 87
120 114 86
120 112 85
145 135 110
160 147 124
161 146 124
149 133 112
130 113 92
97 147 92
96 149 93
96 151 94
99 153 96
105 153 99
126 152 108
120 147 102
115 142 97
109 136 91
101 128 83
94 121 76
90 116 72
123 113 87
151 139 114
167 154 130
167 153 130
154 138 116
134 115 95
127 108 88
97 156 98
117 147 101
112 140 95
107 134 89
100 127 82
94 120 76
126 115 89
156 144 119
173 160 136
172 158 134
158 142 120
136 117 97
129 109 89
115 147 101
110 140 94
106 134 88
101 128 82
97 123 78
133 122 96
161 148 124
176 162 138
173 157 135
158 141 120
136 117 97
129 109 89
127 161 113
118 149 103
115 143 97
112 139 93
111 137 92
111 136 91
112 137 91
142 155 114
138 126 100
164 151 126
178 163 140
173 157 134
157 140 118
134 116 95
127 159 112
119 149 103
117 145 99
116 142 96
117 143 97
119 144 99
121 148 102
160 173 132
153 164 124
143 154 114
130 141 102
117 127 90
138 126 100
164 151 126
178 163 139
172 156 133
155 137 115
130 111 91
125 155 109
118 146 100
116 143 97
115 141 95
117 143 98
119 146 100
121 150 104
154 166 126
148 160 120
142 153 113
130 141 102
117 127 90
138 128 101
149 136 111
172 158 133
181 165 142
172 154 132
152 134 113
127 107 87
115 141 96
111 137 92
108 133 89
109 135 90
110 138 92
151 163 122
146 157 117
142 152 112
139 148 108
129 138 99
118 126 89
106 114 78
159 147 122
168 154 130
183 168 145
186 170 147
172 153 132
150 130 110
111 134 90
105 128 84
99 122 78
95 121 76
95 122 76
137 145 105
135 142 102
133 139 100
127 132 94
120 123 87
200 187 156
210 194 165
226 209 181
227 208 181
208 186 162
181 158 134
107 151 92
109 146 91
132 157 105
124 149 97
116 141 90
112 138 86
110 138 86
144 154 106
142 151 103
142 150 102
139 145 99
135 138 95
163 153 125
169 158 132
177 165 140
189 176 152
190 175 153
175 158 137
152 134 114
93 135 82
90 131 79
91 129 79
92 127 80
100 128 84
107 129 88
115 133 91
110 128 86
103 121 79
97 115 73
93 112 70
91 112 70
96 119 76
103 110 70
166 154 128
174 161 137
189 175 152
192 176 155
178 161 141
98 141 88
97 140 88
98 140 89
100 138 90
105 137 91
109 135 93
110 128 86
103 121 79
97 115 73
93 112 70
91 112 70
160 149 122
168 156 130
177 164 140
192 177 155
195 179 158
180 164 143
101 144 91
100 145 91
101 146 93
103 146 95
105 146 97
107 142 96
110 138 95
115 135 97
111 128 86
106 122 80
100 117 75
97 115 73
96 115 73
169 158 131
180 167 142
190 176 152
201 186 164
200 184 163
100 145 91
101 146 93
103 146 95
105 146 97
107 142 96
110 138 95
120 133 92
116 128 87
112 124 83
109 121 80
109 122 80
158 147 119
181 168 142
192 178 154
203 188 165
207 191 170
201 184 164
179 161 142
103 149 94
103 150 96
103 149 97
105 148 98
107 144 97
109 140 96
123 133 93
121 130 90
121 130 90
121 130 89
122 132 91
164 151 125
194 179 155
206 190 168
215 199 178
213 195 175
200 182 163
104 155 100
103 153 100
127 133 94
127 134 94
128 135 95
131 139 98
135 143 102
137 145 104
137 145 104
167 152 127
196 180 157
209 192 170
217 199 178
209 190 171
193 173 155
127 127 91
125 128 91
125 130 91
130 136 96
136 142 101
138 144 103
138 143 102
142 127 100
168 152 128
196 179 156
208 190 169
215 196 176
203 183 165
184 164 146
122 121 85
121 124 86
127 130 91
133 137 97
135 139 98
147 131 105
168 151 126
189 172 148
201 183 162
209 190 170
199 179 160
123 120 84
115 116 78
117 120 81
121 125 85
122 126 86
114 138 90
153 136 111
168 151 127
184 167 143
195 178 155
203 184 164
194 175 155
109 111 72
106 135 84
110 138 88
114 141 91
122 147 98
131 155 106
144 125 102
162 145 120
175 158 134
186 169 145
194 177 155
199 182 160
193 174 153
101 129 78
106 133 82
111 138 87
119 145 95
129 154 104
132 113 90
150 131 108
170 152 128
181 164 140
190 174 150
196 179 156
199 182 159
95 124 72
97 125 74
102 129 78
108 135 84
118 144 93
128 153 103
134 157 108
135 117 94
153 135 112
174 157 133
187 170 146
197 181 157
200 184 161
201 185 162
96 124 71
100 127 75
108 135 82
117 144 92
128 153 102
125 106 83
137 118 95
154 137 113
176 159 135
189 173 148
200 184 160
202 186 163
114 130 86
95 123 70
99 127 74
107 134 81
117 143 91
128 153 102
137 118 95
154 137 113
176 159 135
189 173 148
200 184 160
95 107 64
98 115 71
108 129 83
119 142 96
130 153 106
107 134 81
121 105 79
125 107 83
135 117 94
152 135 112
173 157 133
189 173 149
204 188 164
98 112 70
103 123 78
115 139 92
126 153 105
135 162 114
122 109 81
125 109 84
133 116 93
149 132 109
170 154 131
99 111 70
102 120 77
110 134 89
124 152 105
136 167 118
142 173 124
149 179 130
118 144 94
130 123 92
123 113 85
122 109 83
127 112 88
142 127 103
163 148 125
184 169 146
105 134 88
112 146 98
126 161 112
137 172 123
141 174 126
120 144 95
121 146 97
126 151 102
131 156 108
136 161 113
123 116 88
118 108 81
121 108 83
135 121 97
156 142 119
106 145 97
114 155 106
128 168 119
138 176 128
140 174 127
128 150 103
129 152 104
133 155 109
135 159 112
138 162 116
120 117 87
114 106 79
114 103 78
127 115 91
148 136 112
128 168 119
131 151 105
128 149 103
128 150 104
130 152 106
131 154 108
132 156 110
136 160 115
127 135 100
118 119 88
113 107 80
112 102 77
125 113 89
126 146 102
125 145 101
125 146 102
125 147 102
124 147 103
123 135 98
118 122 90
116 112 84
115 106 81
129 118 93
129 165 118
119 139 96
117 137 94
116 137 94
114 136 93
111 135 92
122 139 99
120 133 96
117 122 89
116 114 85
117 110 84
133 122 98
157 146 121
124 157 110
120 154 108
128 159 114
135 164 119
140 164 121
112 133 91
118 130 92
114 120 86
113 113 83
117 112 85
136 127 103
125 151 107
120 146 102
126 151 108
132 154 112
138 156 115
118 132 93
110 117 83
108 108 78
112 107 81
133 125 100
129 149 107
117 137 96
109 128 87
114 130 91
118 133 94
123 135 97
129 135 100
119 141 100
131 155 111
125 146 104
118 135 95
107 115 80
102 102 73
108 120 81
96 106 69
98 107 70
101 108 72
106 110 76
132 154 112
131 154 112
128 151 110
123 147 106
116 142 101
136 162 120
129 151 111
121 138 100
107 115 82
100 100 71
110 116 79
94 97 63
92 93 60
92 91 59
96 93 62
137 159 117
138 160 119
136 158 117
130 154 113
124 149 109
138 165 123
140 167 126
132 155 115
122 140 103
107 114 83
99 98 71
101 95 69
113 113 78
94 91 58
88 82 52
85 77 49
88 79 51
132 154 112
141 163 121
143 166 124
142 164 123
137 160 120
131 156 117
131 155 117
135 161 120
136 161 121
129 149 112
120 135 100
107 113 82
100 99 72
120 116 83
99 92 61
91 82 53
86 75 48
89 76 50
138 160 119
143 165 124
142 164 124
140 163 123
137 160 121
133 155 116
134 154 117
127 144 108
120 132 99
110 113 84
105 102 76
146 143 109
124 118 86
103 93 64
95 83 56
90 77 51
93 79 54
100 84 60
133 154 114
138 160 120
139 160 121
139 160 121
138 159 121
128 144 107
132 147 111
134 147 112
129 139 106
124 130 99
118 118 90
116 111 85
124 118 85
106 96 66
101 90 61
99 86 59
105 91 64
95 111 67
129 149 110
127 141 104
132 143 108
134 144 110
130 137 105
126 130 99
122 120 92
138 137 101
122 118 84
108 102 69
109 100 69
111 101 71
118 108 79
130 118 90
95 114 69
98 117 72
102 122 77
111 129 84
119 133 90
127 141 104
132 143 108
134 144 110
130 137 105
126 130 99
122 120 92
131 132 95
119 118 82
111 108 74
117 114 80
125 120 87
133 128 96
146 139 108
107 130 82
109 134 86
113 138 90
120 142 96
125 144 99
115 128 91
134 144 110
139 146 113
140 146 114
136 139 109
131 131 102
124 119 93
119 119 83
112 112 76
122 121 86
131 130 96
139 138 104
150 148 115
108 129 83
109 133 85
112 137 89
115 141 93
121 145 98
127 146 101
130 145 103
143 148 116
148 150 120
149 148 120
143 141 113
137 132 106
119 121 83
113 115 78
125 127 91
136 138 102
143 145 110
151 153 119
160 161 129
108 129 83
109 133 85
112 137 89
115 141 93
121 145 98
127 146 101
130 145 103
128 135 102
149 152 121
150 150 121
147 145 117
144 140 113
140 135 109
135 125 101
115 119 82
125 128 92
133 137 101
139 143 107
144 148 114
109 134 84
114 143 92
115 147 95
117 150 98
121 153 102
126 154 105
131 152 107
120 145 103
135 139 108
154 155 125
151 149 121
143 140 113
143 138 112
143 136 110
144 147 110
129 133 96
117 122 86
124 129 93
130 135 99
135 140 105
139 145 110
143 149 115
116 151 96
117 154 99
118 157 102
121 160 106
126 160 109
131 158 110
133 152 109
126 157 110
127 156 111
126 155 111
124 151 109
121 146 106
140 142 112
150 149 121
143 139 112
132 126 100
136 128 103
140 131 106
144 147 110
129 133 96
117 122 86
124 129 93
130 135 99
135 140 105
139 145 110
107 143 88
112 150 95
117 156 101
123 160 106
128 161 110
133 158 111
130 161 114
130 161 115
128 158 114
125 153 111
121 147 107
137 139 109
144 144 116
146 142 115
135 128 102
121 113 88
127 117 92
134 122 98
174 176 138
149 153 115
134 138 101
121 127 90
126 132 95
131 136 100
135 141 105
138 145 110
98 137 81
107 146 90
116 154 98
124 160 106
130 162 111
134 158 112
137 154 112
125 157 109
128 160 113
128 160 115
126 157 113
123 152 110
120 146 106
115 136 99
147 143 117
140 132 107
126 116 92
111 99 76
115 102 79
163 166 128
146 151 113
131 137 100
132 138 101
133 139 103
92 133 76
101 141 85
112 149 94
124 158 105
132 162 112
136 158 113
136 152 110
117 149 103
120 151 107
120 149 107
118 146 105
117 142 103
145 136 112
131 120 96
117 104 81
104 89 67
107 92 69
187 189 151
172 176 138
156 161 123
141 147 109
139 145 108
138 144 107
138 145 108
97 137 81
105 142 87
119 152 100
130 157 109
136 157 113
137 152 111
133 142 105
104 135 90
107 138 94
109 138 96
109 137 96
110 135 96
139 126 102
121 106 83
109 93 71
100 82 61
101 84 63
189 192 154
179 183 145
165 170 132
151 157 119
148 154 116
146 151 114
94 135 79
96 132 79
111 142 92
124 150 104
136 156 113
139 153 113
95 124 82
153 140 116
137 123 100
116 100 78
107 90 68
100 82 61
102 84 63
105 87 66
173 176 137
177 180 142
172 176 138
163 167 129
154 158 121
149 153 116
144 148 112
94 135 79
92 127 75
103 133 84
115 139 94
128 146 105
134 146 108
134 141 107
156 142 118
137 121 98
114 96 75
106 88 67
102 83 62
104 85 64
108 89 68
156 160 120
161 165 126
160 164 126
158 161 124
154 157 121
148 150 114
140 141 108
95 134 80
90 124 73
96 124 76
105 127 83
119 134 95
127 137 101
170 156 130
156 141 117
136 120 97
112 95 73
105 87 66
102 82 62
105 86 65
111 92 70
133 133 97
138 137 102
141 140 106
147 146 113
153 151 119
145 142 111
106 144 92
103 136 86
107 134 87
115 136 93
129 143 104
137 145 110
155 140 116
135 119 96
111 94 72
104 86 65
101 82 61
107 88 66
114 95 73
129 111 88
113 109 76
117 112 81
125 119 88
139 133 104
153 146 118
144 136 109
118 161 107
116 153 102
115 146 98
118 143 98
125 144 103
139 152 114
148 155 120
153 139 113
132 117 93
108 92 69
103 86 64
102 84 62
109 91 69
118 100 77
135 119 95
150 134 109
160 145 120
111 105 71
106 100 67
112 105 74
123 115 85
140 132 103
156 147 120
146 136 110
120 156 107
120 151 104
125 148 104
134 151 110
151 161 123
130 117 92
109 96 71
107 92 69
109 93 70
116 100 77
124 108 85
140 125 100
154 140 114
167 152 127
174 161 135
103 95 63
111 102 71
124 114 86
143 133 105
160 150 123
121 160 110
119 154 106
119 149 103
124 147 104
134 150 110
153 161 124
117 109 82
120 110 84
126 115 90
131 119 94
136 124 99
141 129 104
150 139 113
164 152 127
178 167 141
193 182 156
107 97 67
116 106 77
130 120 92
149 138 111
165 153 127
113 153 103
109 145 97
106 138 92
110 134 91
120 136 96
125 118 91
133 124 98
137 127 101
140 130 104
142 131 105
149 138 112
163 152 127
180 170 143
199 189 162
205 194 168
209 196 171
115 106 75
112 102 73
121 111 82
136 125 98
153 142 115
168 156 130
155 143 119
118 156 107
110 150 100
105 142 93
101 134 87
103 128 85
111 128 87
126 134 98
125 118 91
133 124 98
137 127 101
140 130 104
142 131 105
149 138 112
163 152 127
180 170 143
199 189 162
205 194 168
209 196 171
212 198 174
216 201 178
118 109 79
127 117 88
140 130 103
156 145 118
169 158 132
110 150 101
105 142 94
102 135 88
101 127 83
104 123 82
139 162 113
138 133 105
137 131 104
136 128 101
140 131 105
151 142 116
169 159 133
190 180 154
195 185 159
198 187 161
200 187 162
203 188 165
127 119 88
122 114 84
130 121 92
143 133 106
158 148 122
172 161 136
160 148 124
115 152 104
110 150 101
105 143 94
102 135 88
100 127 82
103 122 81
112 122 85
126 149 98
126 149 99
126 149 100
120 146 97
117 145 97
128 125 96
128 123 95
136 129 102
154 146 119
178 170 144
183 175 148
184 175 148
184 172 147
186 172 148
195 181 158
133 125 95
126 118 88
133 124 95
145 135 109
161 151 126
175 164 140
115 152 104
110 150 101
105 143 94
102 135 88
100 127 82
103 122 81
108 132 81
109 133 82
108 133 83
101 128 79
97 127 78
117 115 86
124 119 91
139 132 105
159 151 125
162 153 128
162 152 126
160 149 124
162 150 125
175 161 137
186 171 147
195 179 156
135 130 99
130 125 94
124 119 88
131 125 95
144 137 109
161 152 126
176 166 142
119 152 105
118 155 107
115 155 106
112 151 102
109 145 97
107 136 91
109 130 89
101 126 75
101 127 75
102 129 77
102 129 78
96 126 76
95 126 77
99 133 84
115 111 83
127 120 94
142 135 109
144 135 110
142 132 107
141 130 105
143 131 107
158 144 120
171 156 133
181 167 143
132 130 98
128 125 93
123 119 88
130 125 95
143 137 108
161 153 126
177 168 143
120 153 107
121 158 110
120 161 111
118 158 109
116 154 106
114 146 100
116 139 97
96 124 72
98 126 73
98 127 75
93 126 74
93 127 78
137 130 105
139 131 106
138 129 104
141 130 106
146 134 110
159 146 122
170 156 132
176 161 138
175 160 136
128 125 93
123 119 88
130 125 95
143 137 108
161 153 126
122 155 109
124 162 114
125 167 118
124 165 116
123 162 113
122 154 108
105 135 82
103 134 80
100 133 79
97 132 80
98 136 85
136 130 105
138 130 105
139 130 105
144 134 110
152 140 117
165 152 129
173 159 136
174 159 136
169 153 130
159 142 119
164 146 123
131 129 97
128 126 93
124 121 89
131 128 97
145 140 110
161 155 127
176 168 143
113 139 97
117 151 105
121 160 113
126 168 119
127 168 119
128 167 118
128 159 113
101 136 82
145 136 111
155 144 120
165 153 130
179 165 143
184 169 147
178 162 140
165 148 126
148 130 108
152 134 111
127 127 94
127 126 94
136 134 102
148 146 115
163 159 130
102 137 92
110 149 102
119 162 113
124 165 115
128 166 117
166 153 130
178 163 142
181 165 144
173 156 135
157 140 119
137 119 98
142 123 101
151 133 110
128 129 94
128 129 94
129 130 96
138 138 105
150 149 118
161 158 129
170 166 138
88 108 71
86 115 74
88 123 79
96 136 89
107 149 100
114 154 105
120 157 110
166 151 130
169 152 132
161 144 124
147 129 108
128 110 89
133 115 93
144 125 103
166 148 125
181 163 140
129 131 95
131 132 98
140 140 107
151 151 119
157 155 125
80 102 63
75 105 64
74 110 66
82 120 75
91 131 84
153 137 116
153 136 116
146 128 108
135 117 96
121 103 82
130 111 90
143 125 103
166 147 125
181 163 140
153 137 113
126 129 91
124 126 90
125 126 91
131 131 98
140 139 107
141 139 108
141 137 109
95 112 74
88 113 72
84 116 73
84 120 76
87 124 79
91 129 83
95 132 87
136 118 98
129 111 91
122 104 84
114 96 76
127 109 88
144 126 104
166 148 126
182 164 141
171 153 129
154 136 113
130 113 90
116 100 76
118 120 83
116 117 82
119 119 85
125 123 91
122 119 89
100 130 86
99 133 88
99 136 91
98 134 90
97 131 88
124 106 86
120 102 81
133 115 94
151 133 111
171 153 130
185 167 144
177 159 136
162 145 122
139 123 99
122 107 83
110 95 71
117 121 83
113 115 79
110 110 75
110 108 75
111 108 77
111 106 77
110 104 77
107 135 91
106 140 94
107 145 98
111 149 103
111 147 102
109 142 99
125 107 86
138 121 99
156 138 116
173 156 133
186 169 146
181 164 141
169 153 129
147 131 108
129 113 90
112 98 74
113 103 76
117 113 83
115 119 82
111 112 77
106 106 71
103 101 68
101 98 67
103 98 69
106 99 72
109 141 95
109 147 99
113 153 105
120 159 112
121 156 111
152 135 114
167 150 128
178 162 140
176 160 138
168 152 130
151 136 113
134 119 95
116 102 78
113 104 77
114 110 80
118 122 85
112 114 78
109 109 74
108 106 73
112 107 77
106 138 92
105 140 93
104 143 95
108 148 100
115 152 106
118 151 108
121 149 108
149 133 112
162 147 125
173 157 136
173 158 136
167 152 130
153 138 116
137 122 99
118 105 80
114 105 77
112 108 78
114 115 81
127 133 95
119 123 86
116 118 82
115 114 80
120 117 85
103 140 92
101 141 92
104 143 95
110 145 100
115 145 102
173 158 136
174 158 136
168 153 130
154 139 116
137 122 99
118 105 80
114 105 77
112 108 78
114 115 81
118 123 86
125 131 93
141 152 111
138 147 107
128 135 97
124 128 92
122 124 89
127 126 93
132 129 99
109 143 95
105 141 93
101 140 92
101 138 93
105 138 94
109 135 95
107 139 87
157 142 119
141 127 103
123 111 86
118 109 82
115 112 81
116 117 83
118 122 85
123 127 90
128 131 94
129 131 95
144 155 115
133 143 104
128 135 97
126 130 94
130 132 98
112 144 97
107 141 95
102 138 92
100 134 90
102 131 90
107 137 86
109 140 88
107 139 87
95 127 76
85 118 67
148 135 111
132 121 95
125 118 90
121 118 87
119 119 85
117 120 84
120 121 85
120 119 83
118 114 80
111 105 72
145 160 119
134 148 107
129 140 101
126 134 97
131 135 100
118 145 100
115 144 98
110 141 96
103 135 91
100 130 88
100 124 86
103 119 85
107 137 86
109 140 88
107 139 87
95 127 76
85 118 67
136 126 100
130 124 96
125 123 93
122 123 90
119 123 87
119 120 84
116 116 80
112 108 74
105 99 66
135 153 110
142 160 116
142 159 116
135 151 108
131 144 104
130 139 101
134 141 105
140 143 110
118 145 100
116 144 99
111 140 96
103 134 91
100 129 88
100 123 85
93 120 71
103 136 84
105 140 87
106 141 88
97 132 79
89 123 71
84 118 68
138 130 104
133 129 101
129 129 99
126 128 95
122 127 92
118 122 86
113 115 78
107 104 70
100 96 63
94 90 57
126 145 101
134 154 109
137 157 112
135 153 109
134 149 107
134 145 106
139 148 111
118 145 100
116 144 99
111 140 96
103 134 91
100 129 88
100 123 85
97 135 82
101 141 86
104 144 89
98 137 83
93 130 78
130 132 101
126 131 98
123 130 94
118 126 89
114 121 84
109 114 78
105 109 73
103 106 71
101 106 71
110 128 86
117 137 94
127 148 103
132 154 109
134 154 109
135 152 110
136 150 110
142 153 115
121 144 99
112 137 92
110 136 91
106 133 89
100 127 86
98 123 84
100 119 84
100 142 87
104 148 92
106 151 95
106 149 94
105 146 93
123 134 96
119 131 93
115 128 90
113 124 87
112 123 85
112 123 85
111 121 84
109 131 87
120 143 98
128 151 106
133 154 110
136 155 112
126 146 102
114 137 93
105 129 85
103 128 85
101 126 83
97 122 81
98 119 81
109 159 102
120 138 99
120 139 100
120 140 100
122 142 101
125 143 103
123 139 100
119 134 95
102 121 79
109 131 87
120 143 98
128 151 106
133 154 110
136 155 112
120 142 98
107 134 89
97 127 81
97 127 82
97 125 82
97 122 81
102 122 84
125 151 109
128 156 113
131 160 116
134 161 118
129 154 111
101 121 79
107 129 86
117 141 96
124 147 102
127 149 105
137 150 110
117 140 97
104 134 89
95 129 82
97 130 83
99 129 85
102 128 87
130 163 118
135 173 125
136 176 128
136 175 127
127 163 116
97 115 74
99 121 78
103 127 83
108 133 88
111 136 91
113 136 92
117 137 94
120 143 100
111 140 95
104 138 92
106 139 93
110 141 96
138 180 131
99 127 82
102 124 80
102 127 82
104 129 85
104 129 85
103 126 82
118 141 97
112 140 95
108 140 94
110 143 97
114 146 101
121 159 102
116 153 106
99 133 87
94 121 77
90 110 68
90 108 66
106 129 85
105 129 84
104 129 84
101 125 82
96 119 76
118 134 92
112 134 91
109 136 91
107 137 91
109 141 95
133 152 102
124 151 98
122 154 101
117 150 98
111 144 93
114 147 101
96 127 82
94 119 76
93 112 71
96 112 71
106 129 85
116 131 89
112 133 89
109 135 90
108 137 92
110 140 95
141 158 110
129 151 101
121 147 96
109 136 86
97 123 75
128 157 112
113 142 97
96 123 79
97 119 76
99 115 74
104 117 77
106 117 77
103 113 73
108 131 87
118 128 87
115 130 87
113 133 89
111 135 91
110 137 92
111 140 95
112 143 98
168 175 133
148 162 117
132 150 103
118 139 91
101 121 74
83 102 57
74 91 48
108 134 90
95 119 76
97 117 75
100 116 76
108 121 81
111 123 83
110 120 80
104 127 83
103 125 81
103 124 81
106 125 83
110 127 86
120 134 92
120 139 95
119 141 97
118 143 98
118 146 101
149 162 118
133 149 104
117 135 90
99 116 72
81 95 54
104 127 84
95 117 74
98 117 75
103 118 77
112 125 85
117 128 88
117 127 88
117 125 87
100 124 79
99 121 76
99 119 75
104 121 79
113 128 88
122 133 93
123 134 93
125 139 96
127 144 100
126 147 102
125 149 104
124 151 106
147 160 117
132 147 104
116 131 89
98 111 71
81 91 53
105 123 81
108 124 83
116 130 90
122 135 94
124 135 95
117 141 95
104 128 82
101 123 78
100 121 77
107 124 82
118 133 93
136 148 109
124 135 95
125 135 95
127 140 99
130 145 103
128 149 106
113 128 88
109 127 85
112 127 86
120 134 94
126 139 99
129 141 101
110 135 88
107 131 85
107 128 84
112 130 87
122 137 96
127 140 100
125 136 97
126 136 96
128 139 99
130 144 103
127 147 105
125 150 107
123 138 97
109 127 85
112 128 87
122 136 95
129 141 101
132 143 104
122 148 101
123 147 100
123 145 100
122 140 97
123 138 97
127 139 100
126 136 97
125 136 97
125 137 98
121 137 98
124 134 102
103 117 78
106 123 83
110 127 87
113 130 91
113 134 91
113 132 90
115 131 91
124 139 98
131 143 103
133 145 105
134 146 107
130 155 108
127 154 106
129 154 107
129 151 106
124 143 100
128 141 101
124 135 96
121 131 94
119 128 92
113 126 90
115 126 94
93 108 69
99 117 76
106 124 84
114 131 92
120 140 98
120 138 97
127 143 102
131 146 106
133 147 107
133 148 107
129 153 107
128 154 107
128 153 107
127 150 105
120 141 97
128 141 101
122 132 94
116 125 89
111 118 84
106 114 80
102 103 67
115 126 94
93 108 69
99 117 76
106 124 84
114 131 92
115 130 93
124 146 103
123 143 101
124 143 101
124 142 100
121 139 97
121 138 96
122 139 98
133 153 109
128 151 106
123 148 102
119 144 98
114 139 93
109 132 87
104 124 80
133 149 108
128 141 101
121 131 93
115 123 87
109 116 82
104 111 78
99 108 74
116 122 94
94 105 68
99 115 76
107 126 86
117 138 97
128 151 107
126 148 104
120 142 98
114 135 92
107 127 84
105 125 82
107 127 85
127 149 104
115 141 95
106 132 86
99 125 78
96 121 74
128 141 101
121 131 93
115 123 87
109 116 82
104 111 78
117 118 93
95 100 67
100 112 76
109 128 88
120 147 103
127 149 105
118 140 96
109 130 87
100 121 78
99 120 77
104 124 83
121 140 100
134 152 109
124 146 101
114 140 93
109 137 90
105 135 86
103 133 84
127 137 98
123 130 93
119 124 89
114 118 85
111 116 83
104 116 79
128 149 106
116 137 94
105 127 83
95 116 73
95 116 74
103 123 82
131 147 106
122 143 99
113 139 92
112 142 93
111 144 94
129 139 100
129 135 97
128 131 95
125 127 93
122 123 90
109 115 80
115 134 91
106 125 83
97 116 74
98 117 75
105 123 82
146 153 116
140 151 112
131 147 106
122 143 99
113 139 92
112 142 93
111 144 94
110 143 93
135 144 105
139 145 107
143 146 110
143 144 110
142 143 109
132 128 97
135 137 110
113 119 84
111 123 84
113 132 89
102 118 77
102 119 77
109 124 84
118 131 93
129 140 103
142 148 112
135 146 107
126 142 100
118 139 95
111 137 90
112 143 94
113 147 96
132 146 105
140 149 110
147 153 115
154 157 121
155 157 122
155 156 121
153 154 121
136 133 100
139 141 113
118 124 88
116 127 88
118 135 93
111 124 83
111 123 83
114 125 86
119 127 91
123 130 96
136 139 104
131 136 100
123 132 93
112 126 85
108 128 84
107 132 86
113 145 95
118 155 103
143 154 115
150 158 120
157 161 125
157 159 124
156 157 122
135 135 101
138 138 103
142 145 117
124 129 93
123 133 94
126 142 101
132 154 110
125 135 96
122 131 93
121 130 92
122 129 93
122 128 94
123 127 95
129 132 101
139 140 111
127 130 95
123 128 92
115 124 86
107 120 80
105 125 82
106 132 85
113 147 96
145 158 119
152 162 123
156 163 126
154 159 123
151 154 119
138 140 106
145 147 120
128 133 98
130 138 101
134 147 108
133 141 105
131 138 102
130 136 101
128 132 99
126 128 97
131 131 102
140 137 110
117 121 87
116 121 86
113 122 85
109 122 82
107 128 85
107 135 88
135 153 111
139 156 114
147 162 122
151 165 125
153 165 125
148 157 119
140 148 111
133 141 104
136 139 106
146 149 122
132 136 102
137 144 109
141 152 115
130 136 102
127 132 99
126 130 97
125 127 95
123 123 94
131 129 101
141 137 110
159 153 128
114 116 84
117 121 87
119 125 90
121 130 93
122 136 96
120 141 97
118 146 99
128 146 104
136 155 113
146 164 122
149 166 124
150 164 123
144 157 117
137 148 109
131 135 102
119 123 90
118 121 89
118 119 88
118 116 88
129 126 99
141 137 111
157 151 125
120 125 90
126 132 97
132 142 105
139 154 113
136 157 113
103 118 78
119 137 95
133 153 110
144 164 121
147 166 123
145 163 121
141 157 115
135 150 109
132 139 103
112 113 82
114 113 84
116 114 86
129 125 98
143 137 111
155 147 122
163 155 130
168 158 134
108 111 78
113 118 84
119 125 90
126 135 98
133 147 107
131 150 107
127 152 107
108 124 82
119 138 95
130 150 106
135 156 112
137 157 113
137 157 112
130 142 107
126 137 102
129 136 101
123 125 92
135 135 111
107 108 78
111 110 81
116 113 85
131 126 99
144 137 112
152 144 119
156 147 122
154 144 120
103 104 72
107 110 77
112 117 83
118 127 90
124 137 98
124 142 100
98 112 70
106 124 80
117 137 92
124 146 100
129 152 105
134 156 110
139 160 114
131 144 109
127 138 103
127 134 99
119 121 88
130 128 105
114 114 87
121 120 94
135 132 106
147 142 117
149 141 118
147 136 115
140 127 106
134 121 100
100 99 68
103 103 71
106 108 75
109 115 79
113 123 84
115 129 88
98 116 73
108 129 84
117 139 93
124 147 100
133 155 108
137 150 116
135 147 113
131 141 107
132 138 103
124 126 93
133 130 107
113 109 81
138 137 111
149 145 120
147 139 117
142 130 110
131 116 98
124 109 90
99 94 65
100 96 66
101 99 68
102 102 70
104 108 73
107 115 77
110 122 82
94 114 71
102 124 80
111 134 88
121 144 97
132 154 107
138 149 115
135 143 110
137 141 107
128 129 96
136 132 109
138 137 111
149 145 120
147 139 117
142 130 110
131 116 98
124 109 90
120 105 85
105 99 70
103 99 69
103 100 69
104 103 72
107 109 75
110 116 79
98 116 74
98 119 75
103 125 80
110 134 87
119 143 96
132 154 107
145 166 119
143 148 117
138 142 112
140 140 109
130 127 98
137 132 110
151 147 123
148 139 118
141 129 110
130 115 97
124 108 89
120 105 86
117 102 82
113 100 79
114 103 82
110 103 75
107 102 72
106 102 72
107 106 74
109 111 77
112 117 80
114 122 83
105 127 83
107 131 85
112 136 90
117 142 95
128 151 104
141 140 109
155 150 127
149 140 119
140 128 109
128 113 95
123 106 89
121 105 87
119 105 86
118 105 85
114 103 82
113 103 82
122 112 90
131 124 96
114 107 79
110 105 76
109 106 76
110 108 77
112 112 78
113 117 80
117 136 93
115 137 93
116 139 94
116 140 94
116 140 94
120 144 97
150 141 120
142 130 110
133 117 99
129 112 94
129 112 94
127 112 93
125 112 92
118 107 86
113 103 82
114 104 82
115 110 81
112 108 78
111 108 78
113 111 79
113 114 80
114 117 80
119 139 96
118 140 95
118 141 96
117 141 95
115 140 93
152 143 121
145 133 112
139 124 105
137 121 102
138 122 103
136 121 102
133 120 100
124 112 91
115 105 83
109 98 77
113 103 81
116 112 81
113 110 80
113 111 80
115 114 81
115 116 81
114 117 80
111 116 78
121 139 97
119 139 96
118 140 95
118 141 96
117 141 95
115 140 93
118 142 95
145 133 112
141 126 106
140 125 105
142 126 107
140 125 105
137 123 103
128 115 94
119 106 85
108 97 75
108 107 75
109 109 77
113 115 81
116 120 84
118 124 86
121 138 96
121 141 97
122 144 98
119 142 96
114 139 92
143 127 107
144 129 109
143 128 108
141 126 106
132 118 97
122 109 87
109 97 75
107 96 73
103 101 71
102 103 71
105 108 74
112 115 81
117 123 86
121 130 91
118 128 88
121 135 94
122 138 96
124 141 98
125 145 100
121 143 97
113 137 90
107 133 85
180 173 149
142 127 106
142 127 106
135 121 100
129 115 93
121 109 86
121 109 86
144 132 107
102 103 71
105 108 74
112 115 81
117 123 86
121 130 91
125 139 97
124 140 97
124 143 98
120 142 96
115 139 92
112 138 90
111 137 89
132 120 99
144 134 112
167 159 136
186 180 155
198 194 168
142 126 105
143 129 107
141 127 105
139 125 103
135 123 100
137 125 102
159 146 120
171 159 131
161 150 126
99 99 68
99 101 68
103 106 72
110 115 79
116 123 86
122 132 92
119 130 90
123 135 94
121 136 93
121 138 94
119 140 94
117 140 94
117 142 95
119 145 97
128 115 95
133 123 101
154 147 124
173 168 143
189 185 160
147 132 110
151 137 115
154 140 118
155 142 119
157 145 121
177 164 137
187 174 145
170 158 133
175 164 139
90 95 61
95 102 67
104 112 75
113 123 85
122 135 95
113 124 83
115 129 87
117 135 91
119 141 95
122 146 100
126 150 104
129 153 107
141 125 106
133 119 99
129 118 97
143 136 113
158 154 129
175 172 146
182 180 154
149 134 112
157 143 121
164 150 127
165 151 128
165 152 128
177 164 137
182 168 140
158 146 121
160 148 123
164 152 128
178 167 141
86 91 58
88 95 60
92 102 65
100 112 73
111 125 85
123 140 98
126 143 101
114 126 84
119 134 91
123 142 98
127 147 103
130 152 107
131 152 108
131 121 97
121 116 90
129 130 100
140 145 113
156 162 129
168 155 131
166 153 129
161 149 124
160 148 120
158 145 116
129 117 93
130 118 94
134 122 97
148 136 112
90 101 64
93 105 67
99 113 74
111 127 87
125 145 102
116 126 85
123 136 94
129 144 102
131 148 105
132 151 108
132 149 107
124 122 89
111 117 80
113 127 86
120 140 96
133 156 109
183 170 145
174 162 137
168 156 129
163 150 123
129 117 94
127 115 92
127 115 92
136 123 99
151 138 114
101 114 76
100 115 75
104 121 80
113 133 90
124 147 103
119 127 87
124 135 94
126 140 98
124 138 97
120 135 94
118 131 91
115 127 88
109 131 86
192 181 156
185 173 146
178 165 137
139 127 103
134 122 99
130 117 94
128 115 93
125 139 99
114 131 90
109 128 86
110 131 88
115 139 94
122 149 103
128 154 108
123 133 93
122 133 92
113 125 85
104 115 76
99 109 71
96 104 67
207 194 171
203 191 168
208 196 170
206 193 167
168 156 133
159 147 125
149 137 115
136 124 102
116 134 92
109 129 86
108 130 85
110 134 89
113 140 93
128 136 98
125 135 96
117 126 88
107 115 79
100 106 71
94 97 64
200 185 163
206 192 170
209 197 175
227 214 190
232 219 194
195 183 161
182 171 149
131 148 105
116 136 92
107 128 84
105 127 82
104 128 82
104 131 84
108 134 87
133 141 104
131 140 103
124 131 96
115 121 87
106 108 76
97 97 66
94 91 62
106 115 79
168 151 131
180 165 145
192 178 158
220 206 184
232 218 196
203 192 172
189 178 158
109 129 84
100 122 76
98 121 75
97 122 75
97 123 76
150 158 121
149 155 120
147 151 117
136 136 104
126 123 92
117 109 82
114 111 81
103 111 77
95 113 74
96 123 80
139 119 100
147 130 111
164 148 129
180 165 147
216 202 181
232 218 196
208 197 178
107 127 81
99 121 74
98 121 74
98 122 75
97 123 75
162 170 132
168 173 137
173 175 141
163 162 129
154 150 118
146 139 109
140 130 102
120 113 85
116 113 84
105 111 78
96 110 74
92 115 75
132 111 91
147 130 111
164 148 129
180 165 147
216 202 181
232 218 196
123 140 94
112 132 86
108 129 82
110 133 85
111 134 87
110 135 87
108 132 85
190 191 156
187 183 151
183 176 145
177 167 139
172 160 133
129 120 93
126 120 92
125 121 92
117 119 88
108 118 83
100 116 79
93 115 75
142 119 100
138 115 96
134 112 93
138 118 99
143 125 106
156 140 121
171 156 137
204 189 169
219 205 183
124 140 96
118 137 91
117 138 91
122 144 97
123 146 98
122 145 98
167 172 134
185 185 149
190 186 153
194 185 155
193 182 153
191 177 150
187 172 145
129 123 95
129 125 96
122 123 92
114 121 87
103 117 80
157 135 117
148 126 108
138 115 98
136 115 97
135 116 98
152 137 119
126 141 97
124 142 97
127 147 101
134 154 108
135 156 110
134 156 109
161 162 125
178 173 139
191 182 151
197 185 156
200 185 158
198 182 156
194 176 152
129 123 95
129 125 96
122 123 92
114 121 87
103 117 80
173 155 135
175 156 137
169 149 130
161 140 122
155 135 117
150 131 114
149 132 114
126 136 93
122 134 91
124 139 95
129 145 101
137 154 109
139 156 111
138 156 111
155 156 118
174 170 135
191 181 149
198 185 156
202 187 160
201 185 159
198 180 156
132 125 98
130 131 99
153 143 119
169 156 134
183 168 146
195 178 158
194 176 157
191 172 153
181 164 145
172 155 137
116 125 82
121 133 89
128 141 97
136 150 106
139 153 109
155 156 118
174 170 135
191 181 149
198 185 156
202 187 160
201 185 159
198 180 156
192 173 150
135 127 100
134 128 100
135 129 101
138 134 105
143 140 110
146 135 112
158 145 122
169 155 133
180 166 144
185 170 149
189 173 153
186 171 151
182 167 147
113 119 78
119 127 86
126 136 94
135 146 103
138 149 106
143 141 105
155 148 115
162 152 121
168 155 127
171 157 130
175 160 134
180 163 139
133 126 99
133 126 99
132 126 98
131 127 98
131 128 98
132 121 98
139 127 104
146 133 111
155 141 119
164 151 129
173 160 138
182 169 147
111 114 75
117 123 82
124 132 90
133 142 100
136 145 103
116 116 80
123 118 85
129 122 90
136 126 96
144 132 104
155 142 115
169 154 129
130 121 96
134 126 100
133 125 99
129 122 95
124 119 90
118 115 85
118 119 87
136 123 99
137 124 101
138 125 102
140 126 104
143 129 107
150 135 114
117 119 80
111 114 75
117 123 82
124 132 90
133 142 100
136 145 103
136 145 103
125 123 88
127 122 89
131 124 93
140 131 101
153 142 114
169 154 129
175 159 135
142 134 108
139 131 104
129 122 95
117 112 84
105 102 72
145 129 105
140 124 101
138 123 100
135 121 98
133 119 96
132 118 95
131 117 95
137 121 100
133 134 95
123 125 86
117 120 81
122 127 87
128 135 94
136 144 102
138 147 105
127 128 93
129 126 93
134 129 97
145 137 107
158 147 119
172 158 132
149 142 115
144 137 110
132 126 98
117 112 83
100 99 68
154 139 115
147 129 107
143 126 104
140 124 102
137 122 100
134 120 98
132 119 96
134 120 98
150 151 112
141 143 103
135 138 98
136 142 100
139 145 104
142 150 108
144 152 110
142 140 106
153 147 115
167 159 128
175 165 136
181 168 140
140 135 106
149 133 110
143 125 103
144 126 105
144 127 106
140 125 104
137 123 101
133 121 99
136 123 102
168 167 130
163 164 126
157 160 120
152 157 116
150 156 115
149 156 114
149 156 114
133 138 100
150 149 114
167 162 129
184 175 144
190 180 149
190 178 148
181 167 139
146 131 107
143 126 103
140 121 100
146 128 107
151 134 113
147 133 112
143 130 109
136 124 103
173 175 136
172 176 136
170 176 135
164 172 130
159 168 126
155 155 119
177 172 138
196 189 156
202 193 160
198 188 157
160 153 127
142 124 103
145 126 105
155 137 117
163 147 126
160 146 126
155 142 122
146 134 113
163 166 127
163 168 128
168 174 133
170 178 136
165 174 132
159 170 127
153 165 122
159 160 123
184 180 145
204 198 163
209 201 167
204 195 162
152 143 119
155 146 121
159 150 125
163 156 129
162 157 128
143 124 104
153 134 113
167 149 129
178 161 142
175 161 141
169 157 136
157 146 125
148 154 113
158 166 124
164 174 131
162 173 130
157 170 126
165 165 127
191 188 150
210 205 169
214 207 172
209 201 166
149 138 115
151 141 116
154 145 119
157 150 123
157 151 123
152 134 113
170 152 132
185 168 148
187 172 152
183 170 150
171 160 139
131 139 98
134 144 101
146 156 113
154 165 122
153 165 122
151 163 120
140 143 102
169 168 129
193 189 152
211 204 168
214 207 171
208 201 166
198 191 157
145 133 111
143 132 109
146 136 111
149 141 115
154 147 120
157 152 123
158 156 126
149 132 111
170 153 133
189 172 152
196 180 160
195 182 161
184 172 151
169 157 136
119 132 89
123 137 94
135 148 105
144 156 113
145 157 114
173 170 131
195 190 152
211 204 168
213 206 170
207 200 165
201 195 160
195 190 155
139 128 105
142 133 108
147 139 113
152 146 119
158 154 125
135 120 98
158 142 121
179 162 142
190 175 154
193 179 158
185 172 150
168 155 134
125 142 98
128 146 102
132 149 105
137 153 109
140 154 110
138 150 107
134 145 102
176 172 133
196 190 153
210 203 167
212 205 170
208 201 166
204 198 163
200 195 160
146 135 112
151 141 117
157 148 123
163 156 129
167 163 134
125 112 89
149 135 113
172 156 135
186 171 150
192 177 156
186 171 150
136 158 112
138 159 113
137 155 110
134 150 105
129 142 99
194 188 152
207 200 164
210 203 168
207 200 165
205 198 163
203 196 162
209 202 168
163 155 129
113 101 77
125 112 89
149 135 113
172 156 135
186 171 150
192 177 156
186 171 150
142 169 121
141 167 119
139 163 115
132 153 106
125 143 96
118 134 88
200 193 159
204 196 163
202 195 161
201 193 160
200 191 159
204 195 163
154 145 121
112 101 76
123 110 87
146 132 109
167 151 129
179 164 142
184 169 147
177 162 140
146 177 127
141 170 120
134 161 112
123 146 98
114 134 87
191 184 150
195 188 155
195 187 154
195 186 154
194 184 153
196 187 155
200 190 158
208 198 167
147 136 114
151 142 118
155 147 122
158 149 125
159 152 127
103 94 67
110 100 74
120 108 83
140 126 102
157 142 118
166 151 128
169 153 130
151 183 133
146 180 128
136 167 117
125 153 104
113 137 88
103 123 76
100 117 71
187 179 146
187 178 146
186 176 146
186 176 145
188 178 147
199 188 158
147 136 114
151 142 118
155 147 122
158 149 125
159 152 127
113 106 78
119 110 83
127 117 91
142 130 104
155 140 116
158 142 118
156 139 116
148 182 131
146 180 128
138 169 119
129 157 107
117 141 93
108 128 81
185 177 144
185 176 144
184 174 144
183 173 143
185 174 144
197 185 155
209 197 166
146 134 112
143 132 110
147 137 114
150 141 117
154 146 122
157 150 125
159 153 127
127 124 94
126 121 92
132 125 96
138 130 102
148 137 110
155 141 116
151 135 111
143 177 126
146 179 128
142 172 122
138 164 115
127 150 102
119 138 91
185 176 144
184 174 144
183 173 143
185 174 144
197 185 155
209 197 166
220 208 178
137 126 104
140 130 107
144 134 111
150 142 117
154 148 122
135 128 100
141 133 105
148 139 112
157 147 120
163 151 125
132 161 113
138 168 119
145 175 125
144 170 122
141 165 117
133 154 108
128 146 101
185 175 144
187 177 147
185 173 144
184 173 143
192 180 150
201 189 159
212 199 169
216 203 173
128 117 95
130 120 97
134 125 101
142 134 110
149 143 117
131 137 107
140 135 107
141 134 107
148 139 113
156 147 121
165 155 129
171 159 134
161 148 124
134 160 113
145 171 123
145 169 122
144 164 118
139 157 112
190 179 149
186 174 145
184 172 142
188 176 146
194 182 151
203 190 160
209 196 167
214 200 173
203 188 162
120 108 86
126 118 93
132 146 111
130 139 108
128 133 105
127 128 103
126 125 102
146 137 114
136 133 106
135 130 103
137 129 103
144 136 111
153 145 120
164 155 130
170 161 136
124 150 105
134 160 113
145 171 123
145 169 122
144 164 118
139 157 112
188 176 147
188 176 147
190 178 148
192 180 150
196 183 153
201 187 158
207 193 165
204 189 162
133 118 97
129 115 94
124 112 90
129 119 96
135 126 102
135 154 117
133 147 114
128 136 107
123 127 101
118 118 95
121 119 98
156 147 125
156 147 125
156 148 125
154 146 122
150 143 117
131 127 101
130 124 98
132 124 99
140 132 107
150 142 117
160 152 127
166 158 133
124 149 104
131 156 110
139 164 117
138 161 114
136 156 110
190 177 149
191 179 150
189 177 147
187 175 145
186 173 143
189 176 147
196 182 154
200 185 158
203 187 161
129 113 93
128 114 93
128 115 93
135 124 101
141 132 108
138 155 120
136 147 116
129 134 107
121 123 99
114 112 92
120 116 98
127 122 104
143 134 113
148 140 117
156 149 125
160 154 128
161 157 130
135 132 107
127 121 97
125 117 93
127 117 94
135 125 102
145 135 112
152 142 119
125 143 101
123 145 101
123 145 100
122 145 100
117 137 93
112 130 85
112 128 84
183 171 141
177 165 134
171 158 129
172 159 130
178 164 136
187 172 145
196 180 154
187 170 146
176 158 136
127 111 90
126 111 90
128 114 93
131 118 96
137 127 103
142 134 109
143 137 112
131 152 116
140 155 122
140 147 119
132 134 109
126 124 102
120 115 96
127 121 104
126 118 97
130 123 101
138 131 108
151 145 120
158 154 127
163 160 132
153 152 123
125 117 94
121 111 89
121 109 89
128 116 95
136 125 103
123 141 98
119 139 95
115 135 91
108 127 83
102 119 76
169 157 127
162 150 120
163 149 121
168 154 126
177 161 135
186 169 144
182 165 141
176 158 135
159 141 119
131 115 95
133 119 97
135 122 100
138 127 104
139 131 107
142 154 122
140 145 118
131 131 108
127 122 102
123 115 98
130 122 106
115 108 86
118 112 89
127 121 97
141 136 111
150 146 120
156 153 126
145 145 116
132 135 103
155 154 131
136 131 110
123 114 94
117 105 86
114 101 82
118 105 86
123 111 91
141 149 110
130 141 101
123 138 96
119 136 93
116 135 91
110 129 85
104 122 79
103 118 76
160 147 118
160 146 118
164 150 122
169 153 127
173 156 131
173 155 131
171 153 130
162 144 122
141 126 105
141 127 105
140 127 105
136 125 102
133 124 100
141 152 122
137 141 115
127 125 104
124 118 100
122 113 98
128 118 104
133 123 110
115 109 86
125 120 96
142 138 112
151 148 121
156 154 126
141 142 112
124 126 95
123 128 96
125 132 99
136 146 112
178 182 157
155 154 132
136 131 111
122 113 94
114 102 84
110 96 79
131 138 100
121 131 92
118 132 91
120 137 94
124 142 99
121 139 96
117 134 91
167 154 125
167 154 125
169 156 128
169 154 127
168 152 126
167 151 126
165 148 124
160 143 119
155 137 115
145 130 108
132 132 110
121 116 98
118 110 94
117 107 93
121 111 98
116 110 86
128 123 98
147 143 117
156 153 126
158 157 129
139 139 110
115 117 86
114 117 86
117 121 89
131 138 106
136 145 113
128 139 107
209 217 189
192 198 172
174 178 154
154 153 131
136 130 111
122 112 94
112 99 83
106 91 76
104 89 73
132 135 101
115 122 86
109 119 80
113 126 86
123 138 96
135 152 110
135 152 110
133 150 107
178 165 136
172 159 131
165 151 124
162 147 121
159 144 119
156 140 115
154 136 113
153 135 111
151 133 110
148 132 108
147 133 108
132 134 112
125 122 103
115 107 92
112 102 88
110 99 86
113 103 90
116 106 93
116 109 85
124 119 93
138 133 107
159 155 128
168 165 138
171 169 140
151 150 121
128 127 97
120 119 90
117 117 88
131 135 105
138 145 114
133 144 112
202 205 178
180 182 157
160 160 136
144 140 118
130 122 102
118 108 89
111 98 81
105 91 75
107 112 78
103 112 76
111 123 84
123 137 97
137 154 113
183 170 142
178 165 137
172 158 131
170 155 129
166 150 126
157 140 116
136 117 94
138 119 96
141 122 99
150 132 109
159 143 119
115 111 94
106 98 83
106 97 83
109 99 85
115 106 92
135 129 103
151 145 119
170 167 139
179 177 148
182 180 150
163 161 131
141 139 109
127 124 95
119 117 89
132 134 105
140 145 115
138 148 118
127 139 108
206 205 178
193 192 166
168 165 141
146 141 118
133 126 105
123 114 94
115 104 85
110 97 80
106 93 75
100 105 72
99 108 73
109 121 84
123 137 98
138 154 114
180 166 139
179 163 138
175 158 134
159 141 118
144 125 102
122 103 80
120 100 77
125 105 82
133 113 90
152 134 111
171 154 130
184 170 145
120 126 102
113 114 94
106 102 85
98 91 76
102 94 79
109 100 86
119 112 96
156 150 123
169 164 137
180 175 147
183 179 150
182 180 149
167 165 134
150 147 116
139 136 106
132 129 101
138 139 110
140 144 115
135 144 114
122 134 103
206 207 178
196 195 168
180 177 151
154 149 126
132 125 103
123 114 94
117 106 87
115 103 85
114 101 84
103 108 77
103 112 78
110 122 86
120 134 97
132 147 108
187 171 146
189 172 147
187 169 145
172 152 129
155 135 112
121 100 78
127 107 84
137 117 94
158 140 117
178 161 137
114 124 97
108 111 88
103 101 81
98 92 75
107 100 83
170 164 137
182 176 148
185 180 151
184 180 150
180 177 146
168 165 134
155 152 121
148 145 115
143 140 111
143 143 114
139 143 114
131 139 110
116 127 96
98 110 79
202 203 174
189 188 161
171 167 142
145 138 116
124 114 94
116 105 86
113 100 83
112 113 83
107 112 81
107 115 83
112 123 89
119 132 96
127 141 103
133 147 109
195 178 153
192 174 149
195 177 153
196 176 153
181 161 138
164 143 121
142 120 98
122 101 79
129 109 87
140 120 98
163 145 122
182 167 142
134 147 121
112 124 95
107 112 86
103 103 80
101 96 76
114 107 88
130 122 104
182 176 148
185 179 151
181 176 147
174 171 140
164 160 129
154 149 118
153 148 118
151 146 117
145 144 116
137 139 111
124 131 102
110 119 89
189 193 161
202 203 174
189 188 161
171 167 142
145 138 116
124 114 94
116 105 86
115 116 87
111 116 86
111 118 87
115 125 93
120 131 97
124 137 101
191 173 148
194 176 152
195 175 152
185 164 142
170 148 126
133 111 89
125 103 81
133 111 89
144 123 100
165 147 124
118 149 105
116 131 98
112 119 90
109 111 84
108 104 80
122 116 93
180 174 146
184 178 150
180 175 145
171 168 136
162 158 127
153 148 117
155 149 119
154 149 120
146 144 116
136 138 109
121 128 98
106 116 85
92 102 71
181 185 153
190 191 162
179 177 150
163 158 133
141 134 111
123 113 92
117 105 86
127 126 98
118 120 92
114 118 89
113 120 89
114 123 92
116 127 94
118 130 95
181 163 139
185 166 142
187 167 144
183 162 139
172 150 128
137 115 93
127 106 84
134 113 91
145 125 102
166 149 125
118 150 104
118 150 105
117 149 104
126 159 112
125 156 111
118 134 99
114 122 92
112 114 87
111 108 83
126 120 96
180 175 145
171 168 136
162 158 127
153 148 117
155 149 119
154 149 120
146 144 116
136 138 109
121 128 98
106 116 85
156 163 129
165 169 137
169 170 140
160 158 131
149 143 118
134 126 102
122 111 89
123 125 97
117 121 92
112 119 89
110 119 87
109 119 86
109 121 86
171 152 129
175 154 132
171 149 127
154 132 110
140 119 96
128 108 86
134 115 92
145 126 103
166 149 125
184 169 144
118 150 104
118 150 105
117 149 104
126 159 112
125 156 111
118 134 99
114 122 92
112 114 87
111 108 83
126 120 96
164 162 130
157 154 123
151 147 116
155 150 121
156 152 123
149 148 119
138 141 112
124 131 101
112 122 91
148 155 121
150 154 122
147 147 118
142 138 111
136 129 104
131 121 98
142 142 115
130 133 105
122 127 98
115 121 91
109 116 86
106 114 82
104 113 80
167 148 125
173 152 130
170 149 126
154 133 110
141 120 97
128 108 86
133 114 91
142 123 100
160 144 120
116 147 101
117 150 103
117 151 104
116 150 104
126 160 113
126 159 113
141 159 128
121 140 103
117 128 95
115 120 90
116 115 87
130 126 99
148 141 116
154 154 122
151 150 118
148 146 115
155 152 123
159 156 128
152 152 123
142 146 116
140 148 114
135 138 108
125 123 96
123 118 92
124 115 90
130 119 95
151 154 125
139 143 115
128 134 105
118 124 95
109 115 85
104 110 79
101 107 74
108 114 80
163 145 122
167 148 125
173 152 130
170 149 126
154 133 110
141 120 97
128 108 86
131 112 89
137 119 96
152 137 112
116 150 103
115 151 104
114 151 104
126 163 115
128 164 116
126 148 108
121 136 100
121 129 95
122 124 93
135 133 104
139 139 107
152 150 120
161 159 130
157 158 129
148 153 124
133 143 112
125 138 106
149 158 123
148 155 122
139 142 111
124 123 95
121 116 90
121 112 88
131 121 97
148 152 123
134 139 109
120 126 96
108 114 83
102 108 76
99 104 71
108 114 79
162 143 120
173 152 130
173 152 130
160 140 117
147 128 105
134 116 93
135 117 94
109 144 97
108 145 98
107 146 99
118 159 108
120 159 110
120 144 103
117 134 96
118 128 92
121 125 92
134 133 102
127 128 96
129 130 97
147 146 116
161 159 131
160 162 134
154 159 130
138 149 118
130 144 112
158 163 130
145 147 117
126 124 96
121 116 90
118 111 86
155 159 129
138 143 113
122 128 97
107 113 81
100 106 73
97 102 68
108 114 78
159 140 117
172 153 130
176 157 134
167 147 124
154 136 113
141 124 101
101 142 94
113 141 97
113 132 92
115 127 90
120 125 91
132 132 100
113 115 84
131 131 102
146 146 118
152 155 126
150 156 127
136 148 116
127 141 110
121 136 105
167 169 138
152 152 122
130 128 100
123 120 92
120 114 87
138 142 112
122 128 97
107 113 81
100 106 73
97 102 68
108 114 78
121 128 91
164 146 124
176 157 135
180 161 138
172 153 130
161 144 120
150 133 110
147 132 108
113 141 97
115 136 94
120 133 95
126 131 96
135 135 103
104 106 76
118 119 91
132 132 104
143 146 117
145 151 121
135 145 115
126 139 108
180 181 150
173 173 142
157 155 125
134 131 102
127 123 95
124 119 91
141 134 108
139 144 113
125 130 99
109 115 83
102 108 74
98 104 70
108 114 78
119 127 90
176 158 136
180 161 139
173 156 133
166 150 126
157 141 117
154 140 115
152 139 113
125 147 104
132 158 121
115 142 98
119 140 99
125 138 101
132 138 104
139 139 108
146 141 112
118 118 91
130 132 105
136 140 112
135 140 113
129 135 108
183 181 151
172 169 140
155 151 123
134 129 101
132 126 99
134 128 101
152 145 118
131 136 104
115 121 87
107 113 78
102 108 73
108 115 79
115 125 87
133 144 104
169 152 130
172 156 133
169 154 131
165 150 127
161 146 122
158 145 120
156 144 118
143 161 119
141 161 118
128 149 105
117 139 95
111 135 90
121 145 104
126 144 106
132 144 110
140 146 114
144 145 116
109 110 84
125 128 102
185 179 151
172 165 138
154 147 120
134 125 99
133 125 99
137 130 103
138 144 109
126 133 97
118 126 89
113 121 84
113 122 84
115 126 87
161 146 124
162 147 124
161 147 123
160 146 122
158 145 121
156 144 118
152 143 116
139 157 115
137 157 113
123 145 100
111 134 89
106 131 84
121 142 103
124 140 104
130 140 108
138 143 113
143 143 116
114 115 90
109 110 85
105 107 82
108 111 85
111 115 90
119 124 99
177 170 143
186 177 151
171 161 136
153 142 117
132 120 96
131 121 96
136 126 100
146 153 116
142 150 112
136 145 107
130 139 101
124 135 95
119 131 90
124 136 95
147 132 111
148 133 112
151 136 114
153 139 116
156 142 118
155 142 117
153 141 116
148 139 113
143 138 109
131 146 105
127 146 103
123 145 100
110 135 88
100 126 78
96 123 75
96 124 77
136 154 121
115 134 96
113 127 92
118 127 95
128 132 103
113 115 90
109 112 87
105 108 83
100 105 79
99 105 79
104 110 84
112 118 93
121 127 102
118 123 98
113 117 93
187 176 151
171 158 134
151 137 114
128 114 91
127 114 90
155 166 126
151 163 123
144 156 116
135 147 106
126 139 97
146 131 110
148 135 112
151 137 114
153 140 116
152 140 115
149 138 113
145 136 110
140 135 107
128 136 98
125 136 97
122 138 96
116 137 92
110 135 88
100 129 81
92 123 74
89 120 71
131 146 115
107 124 87
103 115 81
108 115 84
119 121 93
112 114 89
111 115 89
109 114 88
105 111 85
93 100 73
89 96 69
94 102 75
107 114 89
125 132 107
128 134 109
128 133 109
189 177 151
171 157 133
149 134 111
124 108 86
121 106 83
168 181 139
165 179 138
157 172 130
145 160 118
134 149 106
148 134 112
149 136 113
150 138 113
151 139 114
149 137 112
146 135 110
142 134 107
138 133 105
135 135 103
127 135 97
121 133 92
113 130 87
105 128 82
97 126 78
92 124 75
87 122 71
83 118 68
117 138 95
124 138 107
99 113 77
94 103 70
99 103 73
110 110 83
126 123 97
110 111 86
112 115 90
115 120 94
113 119 93
107 115 89
94 102 76
90 99 72
98 108 81
114 124 97
134 143 117
139 146 121
140 146 122
142 146 122
161 149 123
184 171 146
189 175 151
167 152 129
143 127 106
118 101 80
115 98 77
116 101 78
167 184 141
164 182 138
155 173 129
146 163 119
138 152 109
138 123 103
141 126 106
142 128 108
143 130 108
143 131 108
144 132 109
142 132 108
141 132 107
138 132 105
134 133 104
131 135 102
128 136 99
124 137 97
119 136 93
112 135 89
105 134 86
99 133 83
97 135 83
124 136 105
101 113 77
101 108 76
110 112 83
124 122 95
108 108 84
113 116 91
120 125 99
116 123 97
109 119 91
94 105 77
91 102 75
103 115 87
121 133 105
142 153 126
148 157 130
150 157 132
165 154 128
185 173 148
187 173 149
162 147 124
137 121 100
112 95 75
109 91 71
158 175 132
165 186 141
161 183 137
152 173 127
146 164 119
140 155 111
138 147 105
134 120 100
136 122 103
137 123 104
135 123 103
135 124 102
135 124 102
135 126 102
134 128 103
133 131 103
131 133 102
128 135 100
125 138 99
122 140 97
118 141 95
113 140 93
107 142 92
102 143 90
125 135 104
104 114 79
110 115 82
122 122 93
139 134 107
112 106 82
109 107 82
115 117 91
122 128 101
114 124 95
105 117 88
89 103 73
98 113 83
115 129 100
134 147 118
138 149 121
139 148 122
147 139 111
173 164 137
185 174 148
180 167 143
152 137 115
129 113 92
110 92 72
110 92 72
155 177 132
159 183 137
153 179 131
144 169 122
141 162 115
138 155 110
136 145 103
134 121 102
143 130 111
141 128 110
136 125 106
128 118 97
124 115 92
121 113 90
122 118 93
126 126 97
128 133 101
128 139 102
126 143 102
122 145 100
120 148 100
118 151 101
115 154 101
111 157 101
120 135 94
133 141 112
115 122 88
119 121 90
129 126 98
142 135 109
155 146 121
107 104 78
114 115 88
122 128 99
113 123 94
103 117 86
88 103 72
125 140 110
111 113 89
177 170 142
184 174 148
175 164 140
145 131 109
124 108 87
151 180 132
145 174 126
136 165 117
135 159 112
134 153 108
151 139 121
147 136 118
139 129 110
127 119 98
119 112 89
116 115 89
123 126 96
128 136 103
129 144 106
128 149 106
123 150 103
121 154 104
121 159 106
137 144 115
120 126 92
124 124 94
131 126 99
141 132 106
100 96 69
107 108 79
116 122 92
112 123 92
106 121 89
116 126 97
111 118 91
104 107 81
99 100 75
98 97 73
177 170 142
184 174 148
175 164 140
145 131 109
124 108 87
150 177 131
144 176 128
136 169 121
127 160 112
128 156 109
129 151 106
130 143 101
157 146 128
156 145 127
150 140 122
137 129 109
128 122 100
124 124 97
129 135 104
134 145 111
135 153 114
133 157 114
125 156 108
120 157 105
117 160 106
118 131 92
134 139 111
116 120 87
121 118 89
125 118 91
130 120 95
138 125 101
105 96 70
96 93 65
103 105 75
113 119 88
111 122 91
107 123 91
94 113 80
112 123 93
107 115 87
100 104 77
96 97 71
95 95 70
158 154 124
180 174 146
182 174 148
171 160 136
140 127 105
120 105 85
108 91 72
145 173 127
137 170 122
130 164 116
123 157 109
125 154 108
129 152 107
132 146 104
151 142 122
134 140 109
137 150 115
138 157 118
135 161 117
126 159 110
119 159 106
132 137 109
115 117 85
119 116 86
123 115 88
125 114 90
102 93 67
96 92 64
103 105 75
113 119 88
111 122 91
107 123 91
94 113 80
116 130 99
112 123 93
107 115 87
100 104 77
96 97 71
95 95 70
98 96 71
170 169 138
186 183 154
179 174 147
162 154 129
130 120 96
113 101 80
132 162 115
127 159 111
123 155 108
127 154 109
133 154 110
136 142 111
137 150 115
138 157 118
135 161 117
126 159 110
132 137 109
115 117 85
119 116 86
123 115 88
125 114 90
91 89 61
97 102 72
107 117 85
109 125 91
108 131 94
114 128 96
111 121 91
105 111 83
102 105 79
102 103 77
105 104 79
110 107 83
155 159 125
171 173 141
181 182 152
171 169 141
152 147 122
122 115 91
108 98 76
127 155 109
124 153 106
122 150 104
126 150 105
130 149 106
141 161 121
107 120 79
127 133 105
110 114 80
117 114 84
121 114 87
123 113 88
129 116 92
83 85 56
89 98 66
98 115 80
105 130 91
110 141 99
118 135 99
116 129 96
113 121 92
111 116 89
111 114 88
113 115 90
118 118 93
154 162 125
159 166 131
168 174 141
172 176 146
160 161 134
142 140 115
115 110 86
125 148 104
122 148 102
120 146 100
119 145 99
122 143 98
126 141 98
130 137 97
120 128 98
103 109 75
113 113 82
118 113 85
120 111 85
95 90 64
87 89 61
93 104 72
102 121 86
109 136 97
127 141 107
126 136 106
127 133 105
129 132 106
131 133 108
135 135 111
139 135 114
148 159 123
149 160 125
152 162 130
153 162 131
146 152 124
135 138 112
119 118 93
125 145 102
123 145 100
121 144 99
120 142 97
121 139 95
121 136 93
122 130 89
136 124 104
123 132 102
109 116 81
121 123 92
127 125 96
129 122 95
128 118 93
99 95 69
93 96 68
99 111 80
108 129 93
114 143 103
137 151 117
139 148 118
141 147 120
145 149 123
148 150 125
150 150 127
142 154 120
141 153 119
139 152 119
137 150 118
135 148 118
133 144 114
129 137 109
124 144 99
122 142 98
121 140 96
119 136 93
118 131 88
123 111 90
129 116 96
133 121 101
136 125 105
139 129 108
103 119 77
128 139 108
116 126 90
130 135 102
137 137 107
139 134 106
133 125 99
119 110 85
114 110 84
109 112 84
113 124 92
118 137 102
122 149 110
124 158 115
139 152 119
138 147 117
140 144 118
143 146 120
146 147 123
149 148 125
148 144 123
121 130 94
124 134 99
126 137 103
126 139 105
127 141 107
129 143 111
130 144 113
131 141 112
125 144 101
124 144 99
122 142 98
121 140 96
119 136 93
118 131 88
116 123 82
126 113 92
130 117 97
135 122 102
139 127 107
143 131 110
127 142 101
144 154 124
132 143 107
141 148 114
145 148 116
146 144 115
141 135 108
134 125 98
122 119 92
115 119 90
117 127 96
120 138 103
123 149 111
139 150 119
137 144 115
137 141 114
140 142 116
144 143 119
147 145 122
145 140 119
105 113 77
107 117 81
110 121 86
113 125 91
117 130 96
124 137 105
129 142 112
130 140 112
125 145 101
124 144 99
122 141 97
120 137 93
118 132 89
124 112 90
126 113 93
129 116 96
136 122 102
141 127 107
144 131 111
147 135 113
155 166 136
143 155 119
148 156 122
149 153 121
148 149 119
143 140 111
137 129 102
114 113 86
102 106 78
102 112 81
104 121 87
112 136 99
134 138 110
134 135 109
136 136 111
139 137 113
141 138 116
98 106 69
95 103 67
94 103 67
94 104 70
101 112 78
110 121 88
124 135 104
130 148 105
129 148 104
128 147 103
126 145 101
124 140 96
121 134 91
116 124 83
123 110 89
126 112 92
134 119 100
140 125 106
143 129 109
159 171 140
146 158 121
145 155 120
143 150 116
141 143 112
135 134 104
104 105 78
89 95 66
88 99 68
89 105 72
99 122 86
132 134 107
134 133 108
136 134 110
138 134 111
139 134 112
133 126 106
122 131 92
109 117 80
99 106 70
93 100 64
91 98 63
91 99 65
99 108 75
110 119 87
131 149 106
131 150 106
131 149 105
131 148 104
128 144 100
126 140 96
121 130 88
119 106 85
122 108 88
131 116 97
139 123 105
144 129 109
157 173 132
161 172 141
146 159 122
145 155 120
143 151 117
141 145 113
136 136 105
105 107 79
93 97 68
78 85 55
75 87 55
74 91 58
86 108 72
96 122 84
125 129 100
131 132 106
137 135 111
140 137 114
140 135 113
138 131 111
129 121 102
119 108 91
133 139 101
117 123 85
105 110 73
98 104 67
96 103 67
98 106 71
106 115 80
116 125 92
131 149 105
133 151 107
135 153 109
135 151 107
134 148 104
129 113 95
154 171 130
159 171 139
145 158 121
147 157 122
149 156 122
150 155 122
144 145 114
92 99 69
78 87 57
73 87 54
71 89 55
82 104 68
134 133 108
142 138 115
145 140 118
143 136 116
138 130 110
125 115 98
112 100 84
135 140 103
124 129 92
111 116 79
103 107 70
100 104 68
101 105 70
104 110 76
130 147 103
135 154 109
140 160 115
140 160 113
139 158 111
153 165 134
140 152 115
145 154 119
151 157 123
158 161 128
106 114 84
95 105 75
82 94 63
76 92 59
72 91 57
82 105 68
90 116 78
137 134 111
147 142 121
150 143 123
145 138 118
137 128 110
121 110 94
104 92 76
101 88 72
100 86 70
131 119 96
108 111 75
101 104 67
97 100 64
100 102 67
105 107 73
128 144 101
137 157 111
145 170 121
144 170 120
142 169 118
146 157 126
133 145 107
141 149 114
152 157 123
165 166 133
104 116 85
88 103 71
81 100 66
77 98 63
85 110 72
92 119 80
151 145 123
154 147 126
150 141 122
141 132 114
125 114 97
108 95 80
102 88 73
98 84 68
105 91 74
113 99 80
117 101 80
125 109 87
135 120 97
149 136 111
162 151 125
98 99 63
98 99 62
100 101 65
106 107 71
112 114 78
121 131 90
129 144 101
138 158 112
148 173 124
148 174 124
145 172 121
138 161 112
126 142 101
139 149 118
124 135 98
133 140 105
145 149 115
159 160 126
162 161 129
112 127 95
94 113 80
87 109 74
82 107 70
88 115 76
93 123 82
158 151 130
154 146 127
146 137 119
131 120 103
114 101 86
105 92 76
100 86 70
108 94 76
117 103 84
127 113 95
135 121 101
169 155 133
106 88 68
120 102 81
136 119 96
158 143 118
178 164 138
104 104 67
122 130 91
129 144 100
139 159 112
151 175 126
151 176 126
149 175 124
137 160 111
149 135 114
120 135 94
135 144 114
119 129 92
127 134 99
139 142 108
152 153 120
115 134 101
99 123 88
93 121 83
89 121 80
90 125 82
91 130 84
94 134 87
155 147 128
144 135 117
132 122 104
125 113 96
122 107 90
128 113 96
134 119 102
140 125 108
143 128 110
143 130 110
151 137 117
160 145 125
161 145 125
158 142 121
139 122 102
103 85 65
103 85 65
113 96 75
125 109 87
151 136 113
175 162 138
192 179 155
120 127 88
126 138 95
137 153 107
150 170 123
153 175 126
154 176 126
142 160 112
132 119 97
138 125 104
145 131 111
152 137 118
156 142 123
143 158 117
152 162 131
138 148 112
143 149 114
148 151 118
154 153 121
104 131 94
98 130 90
95 131 88
92 133 86
90 136 86
159 153 133
153 146 126
147 138 119
142 130 112
139 125 107
144 128 111
148 132 115
151 136 119
151 136 119
149 135 116
153 138 119
159 142 124
158 141 122
153 135 116
136 118 98
101 84 63
108 91 70
116 100 79
144 129 107
170 156 134
118 123 85
122 131 89
133 146 102
148 165 119
154 172 125
158 176 128
138 125 104
140 127 107
143 129 110
147 132 114
149 134 115
160 178 136
165 180 139
169 179 148
159 169 132
160 166 131
160 162 129
159 157 126
117 138 105
105 132 96
100 133 93
97 134 91
94 137 89
93 139 89
95 142 91
153 143 125
150 137 120
148 133 117
152 135 119
155 139 122
159 144 127
160 146 128
159 146 127
162 147 129
166 149 131
163 146 127
157 140 120
141 124 103
127 109 89
104 87 66
107 91 69
113 97 75
135 120 98
157 143 121
113 114 81
113 117 80
116 122 82
128 138 95
145 158 113
154 168 122
161 174 128
146 132 111
150 136 116
148 134 114
146 131 112
146 131 112
145 131 112
144 132 111
188 201 161
188 196 166
181 190 154
181 186 152
177 179 146
106 133 96
101 134 94
98 136 92
96 138 91
95 141 90
97 143 92
154 141 124
153 137 121
155 139 122
159 143 125
163 149 131
165 151 133
164 151 132
166 152 133
169 153 135
165 148 129
159 142 122
144 127 106
111 95 73
108 109 77
109 111 76
112 116 78
125 131 90
143 151 109
153 162 119
162 170 126
156 142 121
153 138 118
150 135 116
148 133 114
146 132 113
192 206 164
198 210 170
197 205 175
193 200 165
191 196 162
185 187 154
105 132 96
101 134 94
98 136 92
96 138 91
95 141 90
97 143 92
155 139 122
159 143 125
163 149 131
165 151 133
164 151 132
166 152 133
169 153 135
165 148 129
159 142 122
144 127 106
103 104 73
105 106 73
110 112 76
123 127 88
141 145 104
152 156 114
156 141 120
155 140 120
154 139 120
152 137 118
151 136 118
192 206 164
198 210 170
197 205 175
193 200 165
191 196 162
102 129 92
99 131 91
97 135 91
97 139 92
97 142 93
99 145 94
104 147 98
158 143 125
158 144 126
169 154 133
108 109 79
111 112 79
116 117 81
126 127 90
138 140 101
146 147 108
155 140 121
171 185 146
195 207 166
202 212 174
200 207 178
197 203 169
196 199 166
190 190 159
98 124 88
96 127 88
96 132 89
99 139 93
101 145 96
102 146 96
105 148 99
116 120 93
115 118 89
118 119 88
121 121 89
126 126 91
131 131 94
136 136 98
139 138 100
173 184 146
199 208 170
209 216 179
205 209 182
203 206 174
202 203 171
89 120 79
90 126 83
95 135 89
100 143 94
103 145 96
124 129 100
124 129 98
128 131 99
132 134 100
136 138 101
137 138 100
136 136 98
132 141 105
150 157 122
176 182 145
187 192 157
192 194 168
191 192 161
198 197 167
82 113 71
84 120 76
91 130 84
98 139 91
102 143 95
129 138 107
130 138 106
132 139 106
137 142 108
141 145 110
145 148 111
142 144 106
137 137 98
126 129 96
150 153 118
163 164 131
177 176 152
177 174 145
80 105 67
79 109 68
81 115 71
86 123 77
91 130 83
96 135 88
100 138 92
125 134 102
127 136 102
130 138 104
136 142 107
141 145 110
145 148 111
142 144 106
109 108 78
126 123 92
134 131 100
154 151 127
150 145 117
81 110 69
83 116 72
84 120 75
87 124 78
91 129 83
124 135 100
128 138 102
135 143 107
140 146 110
145 149 111
148 132 113
94 92 62
98 94 65
109 103 73
112 105 76
136 130 108
128 120 94
150 140 114
89 114 75
92 120 79
95 127 83
92 127 82
91 127 81
91 128 82
93 128 83
121 132 98
124 135 99
127 139 102
133 144 106
139 148 110
144 152 112
144 148 109
153 138 117
157 141 122
153 137 118
149 133 114
144 128 110
99 93 65
107 98 69
107 98 69
129 121 100
117 107 81
101 131 89
106 139 95
101 136 91
96 134 88
93 130 84
121 135 98
124 139 100
129 144 104
135 149 108
143 153 113
151 135 114
156 140 120
154 137 118
151 135 115
149 132 113
102 95 67
108 97 68
106 94 67
126 117 96
112 99 74
110 142 100
116 152 108
110 148 103
104 144 97
98 135 90
116 131 95
116 134 96
118 137 97
123 142 100
130 148 106
140 154 113
148 158 117
137 120 99
143 126 105
151 134 113
151 134 113
152 134 113
154 137 116
158 142 120
114 110 80
109 96 69
108 134 95
114 145 104
120 156 112
117 154 109
113 151 106
108 143 99
106 137 95
115 131 95
115 133 95
116 136 96
122 141 99
129 147 105
138 154 112
140 123 102
150 132 111
151 133 112
153 135 113
156 139 117
131 137 101
125 127 93
119 117 86
114 108 79
121 110 82
117 144 105
123 155 113
122 158 114
122 158 113
120 154 110
120 149 107
116 132 96
115 133 95
116 135 95
122 140 100
129 146 105
137 152 111
139 122 101
150 132 111
152 134 112
154 136 114
157 140 118
128 138 100
125 131 96
123 125 92
122 118 88
131 123 93
113 134 96
115 141 101
119 147 107
123 153 111
127 155 114
130 154 115
118 131 96
115 129 93
113 130 91
114 132 92
121 137 97
126 142 101
131 144 104
155 137 115
123 145 103
125 143 103
125 139 101
126 135 100
127 130 98
138 138 105
139 136 105
108 122 87
107 125 88
115 136 99
123 147 108
132 155 117
139 158 121
141 155 120
118 130 94
114 127 90
112 127 88
113 128 88
119 134 94
123 137 96
123 148 106
126 146 107
129 144 107
132 142 107
144 152 116
102 113 80
113 127 92
124 140 105
136 152 116
141 155 120
125 135 100
120 132 96
116 129 92
112 127 88
110 127 86
114 130 89
116 132 90
151 136 114
120 149 106
124 147 107
128 146 109
132 145 110
145 156 119
107 110 79
101 106 74
112 119 87
124 132 100
137 146 114
142 148 117
134 137 108
127 139 102
122 136 97
115 131 91
111 128 87
111 129 87
138 124 101
143 128 106
147 132 110
144 129 107
142 126 104
124 149 108
127 147 109
107 106 75
114 114 85
123 124 94
135 135 106
137 137 109
146 158 121
141 155 117
136 151 112
126 144 103
117 137 94
112 133 90
148 134 111
150 136 113
152 138 115
151 136 114
151 136 113
125 158 115
127 156 115
127 151 111
126 144 107
123 136 102
109 106 76
115 112 83
123 119 92
134 130 103
135 131 104
157 168 132
154 166 129
148 162 124
135 152 112
123 143 101
150 137 113
156 142 119
157 144 121
159 145 122
160 146 123
162 147 124
165 149 127
129 161 119
130 158 118
129 152 113
125 143 106
120 132 99
117 114 85
109 106 76
115 112 83
123 119 92
134 130 103
135 131 104
125 119 94
161 167 133
167 174 140
164 173 137
159 169 132
144 158 119
131 147 108
120 140 99
162 149 126
165 152 129
167 154 131
171 157 135
174 160 137
127 160 117
129 161 119
130 158 118
129 152 113
125 143 106
120 132 99
126 134 100
110 104 76
112 105 78
115 108 82
123 115 90
125 117 92
165 172 138
164 172 136
159 169 133
145 158 120
132 148 109
164 151 128
168 155 132
170 157 134
174 160 138
178 163 141
129 156 116
132 155 116
131 149 113
126 140 105
118 127 95
120 113 86
112 102 76
108 95 71
106 91 68
109 94 71
111 96 74
114 99 77
149 155 121
160 167 132
159 167 132
156 165 129
143 156 118
131 148 108
122 142 101
170 157 134
130 150 112
134 151 114
134 146 113
127 135 104
116 120 90
112 102 76
108 94 70
105 89 66
108 91 69
114 96 74
138 145 109
147 154 119
146 154 118
143 152 115
131 143 105
120 137 97
174 160 136
129 138 105
118 114 86
116 109 82
114 103 78
109 95 71
106 89 66
110 92 69
118 100 78
127 134 98
133 140 104
132 140 102
128 137 99
117 130 90
110 125 84
163 150 126
170 157 133
176 162 138
175 161 137
173 159 135
123 120 93
124 119 93
124 117 92
119 109 85
116 103 80
120 106 83
128 113 91
143 127 105
121 125 89
117 122 85
116 122 86
114 121 83
111 119 81
104 115 75
101 114 74
158 145 121
163 150 126
168 155 130
167 154 129
164 152 126
127 126 99
130 129 102
133 130 104
135 130 105
129 122 97
126 115 91
128 116 93
136 123 100
110 113 77
105 109 72
102 108 70
99 106 68
95 104 65
151 138 114
154 141 117
157 145 120
161 149 124
161 149 123
159 148 121
151 142 114
125 139 101
143 142 115
144 141 115
144 140 114
137 130 105
132 122 97
132 121 96
138 126 102
119 121 86
110 113 77
105 109 72
102 108 70
99 106 68
95 104 65
96 106 66
152 139 115
154 142 117
158 146 121
160 150 124
160 152 124
114 138 95
123 144 103
129 147 108
132 147 110
131 143 108
143 142 115
143 142 115
141 139 112
138 134 108
131 125 99
126 118 93
127 117 92
122 124 88
110 115 78
103 108 70
99 106 67
96 104 65
93 103 63
95 106 65
151 138 114
155 142 118
160 149 124
162 154 127
163 157 128
111 139 94
120 146 103
127 149 108
130 149 110
128 144 107
132 132 104
129 129 101
124 122 95
117 115 88
112 107 82
109 102 77
112 117 79
99 105 67
94 102 63
91 99 60
90 100 60
167 158 131
98 133 84
105 138 91
112 142 97
118 145 101
121 145 103
121 141 102
122 137 101
126 127 99
124 125 97
121 122 93
114 114 86
107 106 78
104 100 74
102 96 71
125 134 95
113 122 82
107 117 77
102 113 72
98 111 70
110 146 96
113 146 98
117 147 101
119 145 102
119 141 101
118 120 91
114 116 87
108 109 80
101 101 73
100 97 70
153 164 125
144 157 116
134 147 106
127 141 99
120 134 92
113 129 87
110 126 84
188 179 153
120 157 106
118 153 103
119 151 104
120 148 103
119 143 101
118 121 92
117 120 91
117 120 91
115 117 89
114 115 87
115 114 86
157 173 131
151 169 125
145 163 119
138 158 113
130 150 106
164 150 127
175 164 139
186 178 152
186 183 154
184 185 153
123 152 105
116 120 91
117 121 92
120 124 95
124 127 98
128 130 101
166 184 141
167 186 142
165 186 141
160 182 136
154 178 131
145 170 123
136 162 115
162 148 125
173 162 137
184 176 150
186 183 155
186 187 156
115 119 90
116 120 91
118 122 93
121 125 96
127 130 101
133 135 106
139 141 112
157 176 132
152 174 128
148 172 126
145 171 123
140 169 120
144 131 108
154 142 118
167 156 131
180 171 145
182 178 150
181 182 152
169 177 143
112 117 87
114 118 88
117 121 91
119 124 94
123 127 97
129 132 103
135 138 109
145 165 120
138 161 115
136 161 113
134 162 113
133 165 114
151 139 115
164 154 128
178 170 143
179 175 146
178 179 147
110 116 86
114 120 89
118 123 93
121 126 96
123 128 98
127 131 101
132 135 104
134 151 108
129 149 104
121 145 98
119 146 97
118 148 97
120 155 102
124 161 107
157 145 119
169 159 132
183 175 146
182 178 146
178 178 145
120 125 88
106 113 82
112 120 88
116 125 93
120 128 97
122 129 98
124 129 99
127 131 100
121 140 95
114 137 91
112 139 90
111 141 90
114 149 96
172 162 134
182 174 145
128 131 94
124 124 89
119 118 84
115 114 80
114 112 79
117 129 95
121 133 100
124 134 101
125 132 101
124 129 99
120 137 94
117 138 92
114 140 92
112 141 92
112 148 95
166 152 127
169 156 130
173 162 135
177 169 140
173 167 137
128 131 94
124 124 89
119 118 84
115 114 80
114 112 79
112 124 91
118 132 97
123 137 102
126 138 104
126 137 103
124 132 101
120 131 91
120 136 93
119 139 94
117 141 94
115 143 95
115 149 97
116 154 100
169 155 129
171 157 132
173 162 135
176 167 139
172 165 135
130 133 96
127 127 92
123 122 88
120 117 84
116 113 80
114 111 79
116 112 81
112 124 91
118 132 97
124 138 103
128 142 107
128 141 106
122 135 94
122 139 96
121 142 97
120 145 98
120 151 101
168 153 128
169 155 129
171 157 132
173 162 135
176 167 139
172 165 135
167 163 131
125 122 89
123 118 86
121 114 83
117 111 80
115 109 79
107 123 87
108 127 90
115 135 97
121 141 103
126 145 107
125 143 106
121 137 101
121 131 91
122 135 94
122 138 95
122 142 97
121 147 101
172 157 132
173 160 134
173 161 135
173 162 135
166 157 128
123 118 87
124 118 87
124 117 87
121 115 85
120 114 84
105 130 90
112 138 97
118 144 103
123 148 107
122 145 105
121 122 87
121 126 89
122 130 92
123 134 94
123 138 96
122 143 99
121 146 101
174 160 136
176 162 137
174 160 135
171 157 132
161 149 121
125 121 89
123 118 87
121 117 86
124 119 88
126 121 91
101 132 88
107 138 94
114 143 100
120 148 105
119 146 104
122 125 90
123 130 92
123 133 94
123 136 96
122 139 97
175 161 136
125 119 88
125 120 90
126 123 92
129 127 96
132 129 99
106 140 94
112 145 99
122 125 91
124 129 93
124 132 94
124 135 96
121 137 95
124 117 88
122 116 87
125 122 91
130 129 98
135 135 103
138 139 107
135 135 104
118 149 103
111 146 99
113 147 100
118 151 105
130 160 114
122 125 91
124 132 94
114 111 81
123 122 91
134 136 104
141 145 112
145 150 118
127 158 112
119 153 105
118 151 104
122 154 107
134 162 117
125 122 91
122 123 91
122 127 92
124 131 94
124 133 95
110 111 79
121 125 92
135 142 108
143 151 118
149 158 124
134 155 111
140 169 123
132 164 117
125 158 110
122 152 106
124 152 106
134 159 113
138 160 116
125 126 93
122 127 93
122 130 95
123 134 97
123 135 97
173 157 129
111 117 82
109 116 82
120 129 95
134 146 111
143 155 120
148 162 126
144 156 122
134 155 111
142 170 124
136 165 119
130 159 113
125 151 105
124 147 102
128 148 104
132 129 97
127 130 96
125 132 97
125 136 99
126 139 101
126 139 101
125 139 101
182 168 140
173 158 130
173 157 128
173 158 128
160 146 115
119 131 94
127 141 105
139 155 119
145 162 125
149 166 129
124 139 98
133 154 111
142 168 123
138 165 119
134 159 114
127 148 104
122 140 97
121 135 93
130 134 99
130 138 102
130 142 104
131 145 106
130 145 106
186 170 142
175 159 130
172 157 127
171 157 126
156 145 112
132 149 110
138 157 118
146 166 128
149 169 131
150 170 132
136 153 113
146 167 125
147 167 125
145 164 123
137 152 111
128 133 97
130 140 103
131 145 106
131 148 108
130 147 107
194 179 151
185 170 141
172 158 128
168 154 124
165 153 121
152 143 110
139 134 99
133 154 112
146 166 127
128 140 103
138 152 114
150 165 126
155 169 131
157 169 131
148 155 117
124 132 94
129 142 102
130 146 106
130 149 108
129 149 107
182 169 140
169 156 126
163 151 120
158 148 115
147 142 107
137 162 116
134 158 113
132 155 111
136 159 116
143 164 123
126 131 96
135 142 106
147 154 118
157 162 126
162 165 129
111 118 79
114 125 86
121 136 95
124 141 100
124 144 102
123 144 102
122 143 101
179 168 138
163 153 122
155 148 115
149 144 109
143 143 106
129 156 110
122 148 102
115 139 95
117 139 96
121 141 100
129 129 96
124 124 90
132 131 98
143 142 109
154 151 118
161 156 123
151 145 112
104 114 74
108 121 80
116 133 90
119 138 95
119 141 97
118 140 97
148 144 110
129 159 111
121 150 103
112 139 93
102 127 82
101 124 81
103 122 82
113 130 92
123 117 86
128 121 90
135 127 96
143 133 102
147 136 105
106 117 76
109 124 81
116 134 91
118 139 95
118 140 96
115 138 94
113 142 95
107 133 88
98 122 78
96 117 75
95 113 74
130 123 92
125 115 85
127 116 86
131 119 89
135 121 92
137 122 93
109 120 78
108 121 78
110 127 83
116 136 92
118 139 95
117 140 95
113 136 92
144 140 106
110 138 91
104 131 85
96 120 77
93 113 73
91 108 70
139 130 103
134 126 96
130 122 91
127 118 87
128 117 87
130 117 87
109 125 81
111 130 85
117 139 94
118 141 96
116 140 95
164 155 125
153 147 115
140 137 102
134 134 96
129 133 92
96 120 77
137 127 99
133 124 95
131 121 91
128 118 88
129 117 87
108 128 81
109 131 84
113 137 91
114 138 93
114 138 93
161 152 123
151 145 113
138 136 100
132 133 95
128 132 91
106 134 86
139 129 103
137 127 99
133 124 95
131 121 91
128 118 88
129 117 87
130 117 87
105 130 80
105 130 81
108 133 85
110 134 88
111 134 90
166 155 128
161 152 123
151 145 113
138 136 100
132 133 95
128 132 91
134 143 99
92 120 69
96 124 73
101 127 79
102 126 80
100 123 78
133 122 95
132 123 93
130 122 91
127 119 88
128 120 89
120 145 94
116 142 91
114 139 89
112 137 89
112 136 89
112 134 89
111 132 89
158 152 123
153 150 117
146 147 111
141 146 106
136 145 102
96 127 74
100 130 78
105 132 83
104 130 82
100 123 78
128 116 90
130 121 92
128 122 91
125 120 88
127 123 91
134 160 108
128 154 103
123 149 99
118 143 95
115 138 92
113 134 89
155 152 123
154 155 122
154 159 122
150 160 118
145 160 114
99 134 79
103 136 83
107 139 86
111 140 90
108 135 87
101 126 80
94 117 74
122 119 87
145 169 119
138 161 112
130 153 105
123 144 98
118 139 94
116 134 92
159 167 128
122 159 103
126 161 107
130 163 111
125 156 106
115 144 96
130 108 87
156 176 128
153 175 126
145 166 118
135 157 110
126 145 101
121 139 96
118 134 93
133 175 118
138 178 122
143 180 126
139 174 121
129 162 112
126 107 87
128 109 89
130 114 92
131 117 93
127 118 92
153 175 126
145 166 118
135 157 110
126 145 101
121 139 96
122 171 111
126 175 115
132 180 121
140 185 128
142 184 129
122 105 85
126 110 89
129 116 93
130 121 96
128 123 96
154 173 125
152 172 124
143 163 116
133 153 107
123 141 97
120 137 94
120 135 94
113 166 105
117 168 108
121 171 112
128 176 118
134 179 123
118 99 81
120 102 83
122 106 85
126 114 91
129 121 96
130 126 99
130 131 102
150 168 122
138 156 111
127 145 100
116 133 90
117 132 90
128 135 96
104 156 97
104 155 96
104 153 95
105 152 95
108 153 97
114 158 104
123 166 113
119 102 82
118 103 81
121 110 87
125 117 92
128 125 98
147 163 117
135 152 107
125 141 97
116 131 88
117 130 89
130 124 94
133 132 98
133 137 100
131 142 100
125 143 99
103 153 95
101 149 92
99 146 90
97 142 86
95 139 84
95 136 83
100 139 87
119 102 81
114 100 78
116 106 82
119 112 86
124 122 94
142 154 109
143 158 112
133 148 103
124 139 95
118 131 89
118 130 89
121 131 93
137 129 99
142 139 106
141 144 107
139 148 107
132 149 105
104 149 93
100 143 88
96 138 84
92 133 79
89 128 75
86 121 71
87 121 72
125 106 86
120 109 85
146 161 114
137 153 107
131 146 101
127 141 98
126 138 97
144 129 103
145 134 105
147 141 109
145 144 109
141 147 107
136 149 106
131 151 105
114 155 101
107 147 94
101 140 88
96 133 82
92 127 77
88 121 71
83 112 65
126 105 86
126 106 86
126 108 87
125 109 87
124 110 87
149 165 117
142 159 112
138 155 108
137 151 107
135 148 105
153 138 110
152 141 110
147 142 109
142 144 106
139 147 107
125 159 107
124 160 109
118 153 103
110 145 95
104 136 88
97 129 81
93 123 76
88 115 69
122 101 81
124 104 84
127 107 87
129 112 91
131 117 94
140 154 107
145 162 114
143 160 112
141 157 111
140 155 110
139 153 109
137 149 108
154 136 110
148 133 105
141 132 100
135 131 96
134 136 99
134 142 101
133 153 106
133 158 109
131 159 110
128 158 109
120 150 102
112 141 94
107 135 89
103 130 83
99 124 79
94 118 73
117 94 76
118 96 77
121 100 81
126 106 86
131 113 92
136 121 98
135 125 99
142 158 109
142 159 111
142 159 112
142 158 112
140 155 111
143 126 99
136 123 93
130 120 88
131 127 92
133 134 96
135 143 101
137 150 106
138 156 111
135 157 110
130 153 107
121 145 100
112 136 91
109 132 88
105 129 84
114 91 72
116 94 75
122 101 81
127 109 87
132 117 93
137 152 104
140 156 108
141 157 110
140 156 110
137 153 108
150 129 105
139 119 92
133 116 87
129 114 83
132 122 88
134 129 93
137 138 99
138 144 103
138 149 106
133 148 104
125 143 99
117 136 93
108 129 86
105 126 83
113 90 71
114 92 73
119 98 78
123 105 83
126 111 87
119 108 82
134 148 100
137 153 105
139 155 108
139 155 108
136 151 106
146 124 100
135 114 88
132 112 84
131 112 83
134 120 88
136 127 93
138 134 97
137 139 99
135 141 100
129 139 97
121 135 92
113 129 87
105 123 81
102 121 79
124 103 84
115 95 75
114 94 74
117 98 77
118 101 79
118 103 80
110 98 73
103 96 69
101 100 69
129 140 93
133 146 98
135 149 101
137 152 105
138 153 107
135 149 105
130 143 100
132 111 86
132 112 85
134 115 87
138 122 91
140 127 95
138 131 96
134 132 95
129 132 93
124 130 90
118 128 87
111 124 83
116 96 76
114 95 74
117 98 77
116 99 77
116 101 78
107 95 70
100 92 65
98 96 66
101 104 71
129 141 93
128 141 94
128 143 96
131 146 100
131 145 100
131 110 86
132 112 86
135 116 88
139 122 92
141 127 96
138 130 95
133 130 94
127 129 90
122 127 88
117 126 85
126 105 86
116 96 76
114 95 74
117 98 77
116 99 77
116 101 78
107 95 70
100 92 65
98 96 66
101 104 71
178 167 142
152 141 116
123 135 88
118 131 84
118 131 85
122 136 90
126 139 94
135 116 88
139 122 92
141 127 96
133 130 94
127 129 90
124 102 83
120 99 79
119 98 78
116 97 76
113 96 74
107 93 69
103 92 66
102 96 68
104 104 73
110 115 81
203 192 166
193 181 156
167 155 130
139 126 102
139 126 102
140 127 103
126 139 93
120 133 87
114 128 82
114 127 82
118 130 86
122 134 90
127 137 94
132 109 91
126 104 85
122 100 80
117 96 75
111 91 70
108 91 68
106 92 68
106 97 70
107 104 74
110 112 79
212 201 175
203 192 167
185 173 148
157 144 120
128 113 91
134 120 97
140 127 104
142 137 111
118 133 87
112 127 81
111 124 80
114 125 82
119 128 86
133 109 90
125 103 83
117 96 75
111 93 70
107 92 67
108 97 71
110 105 76
114 115 83
116 121 87
116 125 90
172 156 132
202 188 164
213 200 175
215 203 178
203 191 167
183 172 147
158 146 122
132 119 96
137 126 102
143 133 108
148 141 116
146 143 116
133 135 106
122 131 99
121 137 91
117 132 87
115 128 84
114 126 82
115 124 82
117 124 83
115 96 73
108 93 68
110 99 72
113 108 79
119 120 88
120 126 92
119 128 93
138 121 98
156 140 116
170 154 130
185 169 145
205 190 166
216 202 178
215 201 177
201 188 164
179 168 143
159 148 123
139 128 104
143 134 109
147 140 115
151 147 120
148 148 120
137 142 111
127 137 103
117 134 96
116 137 96
120 136 91
117 131 87
114 126 82
113 122 80
112 118 78
121 105 81
112 99 73
113 106 78
118 116 85
127 131 98
129 137 103
128 139 104
120 134 98
112 128 90
114 96 74
125 108 85
138 121 97
153 136 112
170 153 130
195 179 155
208 193 169
206 192 168
192 179 155
171 159 135
160 149 125
152 142 117
156 148 122
158 152 126
155 153 125
149 150 121
137 143 111
127 139 103
119 136 96
117 137 96
123 141 95
120 136 91
117 131 87
114 126 82
113 122 80
112 118 78
114 118 79
116 112 83
121 122 91
132 138 105
136 146 112
136 149 114
129 144 108
120 138 101
111 127 90
120 99 78
111 91 70
109 91 69
115 96 74
122 104 81
137 119 97
155 138 115
184 167 143
199 182 159
195 180 156
180 165 142
158 144 121
154 141 117
154 142 117
160 154 128
154 153 125
146 149 119
136 143 110
127 139 102
120 137 96
118 137 95
117 139 96
115 138 94
119 136 91
116 131 86
113 125 82
112 121 79
111 117 77
119 117 89
123 127 96
134 143 110
139 153 118
142 159 122
137 155 118
130 150 113
121 139 102
112 129 93
110 123 89
178 161 138
181 163 141
167 149 126
149 130 108
125 106 85
112 93 72
106 87 66
106 87 66
109 90 68
123 104 82
140 122 100
171 153 130
186 169 146
182 166 143
165 148 126
139 122 100
138 121 99
143 126 104
153 144 119
148 145 117
141 144 113
133 141 107
127 138 102
121 137 97
119 137 96
118 138 95
114 135 92
117 135 90
114 130 86
111 124 81
110 118 77
109 114 74
131 141 109
138 152 118
143 161 125
137 156 120
128 148 112
117 136 100
109 126 91
110 124 90
113 124 92
172 158 135
183 168 145
188 173 150
189 173 150
175 159 136
158 140 118
135 117 95
120 102 81
111 92 71
108 89 68
107 88 67
121 102 80
138 119 97
167 148 126
181 162 140
175 157 134
155 136 115
128 107 87
137 141 109
132 142 107
127 142 103
123 141 99
121 141 98
119 140 97
115 136 93
109 131 87
116 139 92
114 135 89
112 131 86
112 127 83
112 124 82
113 120 80
116 120 82
127 137 105
135 149 115
142 159 125
132 151 116
120 140 104
108 126 92
100 117 83
106 120 87
114 125 93
123 130 101
128 133 104
187 173 151
192 178 156
196 181 159
196 181 159
184 169 147
168 152 130
146 130 108
131 114 92
120 101 80
115 96 75
112 93 72
125 106 85
178 159 138
128 146 106
125 146 103
122 145 101
120 143 100
115 139 95
110 133 89
111 136 88
111 134 87
113 133 88
116 132 89
120 132 91
127 139 106
132 148 114
122 140 105
110 129 94
101 117 83
96 110 77
106 117 85
117 125 95
130 135 106
139 141 113
146 146 119
148 147 120
152 148 123
164 158 133
178 168 145
177 166 144
180 168 146
183 170 148
191 178 156
196 182 160
190 176 154
180 165 143
163 147 125
148 131 110
135 117 96
127 109 88
121 103 82
122 147 104
120 148 103
119 147 102
118 147 101
116 144 99
113 139 96
106 128 87
99 118 79
120 148 99
118 146 97
120 147 99
126 150 104
130 150 106
133 148 107
134 146 106
117 128 96
120 135 101
112 128 93
102 119 84
95 110 76
93 105 73
106 115 84
120 126 96
136 139 110
149 149 121
159 158 131
165 162 136
169 166 140
175 171 146
179 175 150
182 176 152
182 176 152
181 173 150
176 167 145
169 159 137
170 159 137
172 161 139
185 173 151
195 182 160
196 183 161
192 177 156
179 164 143
165 149 128
150 133 112
116 150 102
117 150 103
117 149 103
116 146 102
114 138 97
110 128 90
126 157 107
126 157 108
130 160 112
139 168 120
144 168 123
146 165 122
106 118 85
103 117 83
101 115 82
102 114 82
109 118 87
118 123 94
130 131 103
141 140 112
151 148 121
156 153 127
160 157 131
163 159 134
165 160 135
161 155 131
158 152 128
158 150 127
158 149 126
159 148 126
163 152 129
169 157 135
182 169 147
193 179 158
198 182 161
196 180 159
188 171 150
114 151 103
117 154 105
117 152 105
116 149 103
114 141 97
110 132 91
106 122 84
125 157 108
125 157 108
130 160 112
140 168 120
146 170 125
151 169 127
110 123 91
112 121 90
116 122 92
124 125 97
133 131 104
141 138 112
146 143 117
150 146 121
151 147 122
149 145 120
141 136 112
138 131 107
139 131 107
144 134 111
150 139 116
157 145 123
165 151 129
177 163 142
189 173 152
118 159 108
118 157 107
117 153 104
114 145 98
111 136 92
109 127 86
127 155 108
123 154 105
122 152 105
127 155 108
137 162 116
145 166 122
153 168 127
113 125 94
114 121 91
118 121 93
124 124 96
131 128 102
134 131 105
136 134 108
135 131 106
132 128 103
126 120 96
124 117 93
129 120 97
137 126 103
146 134 112
153 139 117
158 144 123
168 152 131
123 165 113
121 161 110
118 157 106
115 149 99
113 141 93
113 134 89
120 142 96
117 138 94
119 138 95
126 143 100
135 148 107
117 121 92
120 121 93
127 125 99
129 127 101
127 124 98
124 119 94
118 112 88
118 110 86
124 115 91
133 123 99
144 131 109
150 136 115
155 140 119
124 166 113
121 161 109
117 156 104
115 150 98
113 143 94
115 137 90
117 133 89
116 129 87
114 125 84
115 125 85
121 128 89
129 133 95
127 124 98
124 119 94
118 112 88
118 110 86
124 115 91
133 123 99
144 131 109
117 156 104
114 152 100
113 148 97
113 143 94
115 137 90
117 133 89
115 118 80
112 114 77
112 113 76
115 114 78
121 117 83
127 121 88
133 125 93
121 113 90
126 116 93
122 159 107
122 156 105
122 154 103
121 150 101
121 143 96
121 136 93
121 129 90
112 111 76
116 112 78
121 115 81
126 118 86
130 120 89
134 166 115
134 164 114
133 159 111
130 150 105
127 140 98
116 115 81
116 113 79
122 117 84
128 121 89
135 125 94
137 125 95
136 163 113
136 161 112
134 156 108
129 146 101
124 135 94
129 132 96
130 132 96
136 134 100
140 136 103
144 136 104
131 149 103
126 139 95
120 128 87
114 116 80
113 110 76
138 148 109
142 150 112
146 152 114
150 152 116
152 150 116
152 146 113
146 138 107
118 132 87
114 126 83
111 117 77
107 108 71
106 102 68
141 153 112
146 157 117
150 159 120
153 158 120
152 153 117
148 145 112
107 123 77
108 121 77
107 118 76
106 112 72
103 106 68
103 100 65
103 95 63
143 156 114
149 161 120
153 164 124
154 161 123
152 155 118
145 144 110
109 126 81
111 126 82
111 123 81
110 117 79
109 112 75
108 106 72
111 104 73
136 146 107
143 156 114
149 161 120
153 164 124
154 161 123
152 155 118
145 144 110
114 134 88
117 137 92
119 136 93
120 133 92
119 128 90
118 123 87
119 118 86
143 157 115
148 161 119
151 163 122
152 159 120
148 152 115
126 150 104
130 152 107
132 152 110
133 149 109
134 145 108
130 137 103
127 129 98
144 159 116
146 160 118
148 159 118
146 154 115
141 145 109
128 154 109
134 159 115
137 158 117
140 156 117
136 146 110
143 158 115
145 159 117
146 158 117
145 153 114
141 144 109
120 151 104
130 160 115
136 161 119
141 160 120
138 150 114
136 147 107
141 156 113
144 158 116
147 159 117
146 153 116
143 146 112
139 136 105
115 145 99
125 155 110
131 157 114
137 156 116
135 147 110
127 143 101
133 147 106
138 150 110
140 147 110
140 143 109
100 129 82
110 140 93
121 150 105
127 151 109
132 150 110
132 142 106
131 134 101
114 130 88
122 136 96
129 140 101
133 140 103
137 139 106
116 143 97
123 148 103
127 146 105
130 144 104
131 137 102
105 123 81
111 129 86
119 133 92
125 136 97
128 135 99
132 135 101
136 134 104
119 143 98
123 146 101
125 145 102
126 141 100
126 136 98
128 132 97
130 127 96
102 124 80
106 126 83
110 129 86
117 131 90
122 133 94
125 132 95
128 131 98
130 148 105
126 140 100
122 132 95
120 125 89
124 124 91
107 133 88
110 133 89
114 133 90
119 134 93
123 134 95
125 132 96
127 129 97
137 156 112
134 149 108
126 137 99
121 128 92
116 119 85
121 120 88
125 120 91
114 142 98
111 138 93
112 136 92
114 135 91
118 135 93
122 134 95
124 131 95
134 149 108
126 137 99
121 128 92
116 119 85
121 120 88
112 140 95
110 136 91
110 132 88
114 132 90
117 131 92
121 130 93
129 142 102
121 128 91
116 119 85
113 112 80
119 114 85
115 142 97
113 137 93
111 133 90
114 132 91
118 131 92
122 131 93
112 115 81
109 107 76
109 101 73
116 107 79
127 151 108
119 143 100
117 140 96
116 136 93
118 134 93
120 132 92
121 127 91
119 131 89
113 119 81
107 106 73
108 103 73
111 101 74
118 106 81
123 111 86
123 144 101
123 142 100
123 140 99
123 135 96
122 130 92
105 108 70
103 100 67
109 100 71
115 103 78
120 107 83
128 144 104
126 143 102
128 144 103
130 144 104
127 135 98
123 127 92
118 118 85
103 106 69
104 102 69
112 105 76
120 110 84
124 113 87
116 131 90
121 134 94
125 137 97
121 128 90
116 119 83
102 106 70
106 105 72
115 110 80
125 117 90
127 118 92
105 116 77
109 121 81
115 127 87
121 132 92
116 123 84
111 114 78
108 105 73
106 111 75
110 112 78
119 118 87
130 125 96
131 125 98
105 116 77
109 121 81
115 127 87
121 132 92
116 123 84
111 114 78
110 123 83
106 117 78
108 115 78
113 118 83
123 125 92
134 132 103
136 132 104
137 131 104
101 109 72
102 113 74
107 119 80
114 126 86
120 131 91
114 121 83
110 112 76
112 128 87
107 119 79
109 118 80
115 122 86
127 130 97
139 140 109
141 139 109
96 106 67
103 115 75
110 123 83
116 128 88
111 119 80
119 138 95
113 130 88
106 120 79
106 118 79
112 120 83
123 128 94
135 137 105
136 136 106
100 110 72
108 121 81
114 128 87
118 132 92
114 124 85
113 132 89
104 120 78
103 115 76
106 116 78
115 122 87
104 112 75
109 121 82
117 132 92
121 137 96
123 139 99
120 132 93
118 126 89
122 140 97
111 127 85
106 118 78
104 113 76
108 115 80
117 130 90
125 141 100
128 146 104
130 148 106
128 143 103
110 122 83
124 138 97
132 150 108
135 154 112
136 157 114
135 153 111
120 133 92
126 142 100
135 154 111
135 156 113
135 156 112
132 151 109
130 146 106
120 136 94
127 146 103
137 158 114
135 156 112
131 153 109
126 146 104
124 141 100
119 136 95
127 147 104
136 158 114
129 152 107
121 143 99
113 134 91
109 127 85
127 148 104
134 156 112
123 146 101
111 134 89
103 124 80
98 117 75
126 149 104
129 152 107
117 139 95
103 125 81
96 116 73
92 110 69
128 152 105
128 151 106
115 138 93
102 124 80
96 117 74
94 112 70
97 113 73
127 152 105
116 139 94
104 126 81
101 121 77
99 117 75
130 155 108
121 145 99
113 135 89
111 131 87
110 128 86
132 160 111
132 158 110
127 151 104
121 143 97
121 141 96
121 139 96
122 138 97
131 159 109
128 154 106
121 145 98
114 136 90
115 135 91
117 135 92
120 136 95
130 159 108
125 151 103
117 140 94
109 130 85
111 130 86
114 131 89
119 135 94
123 137 98
129 161 109
130 159 108
125 151 103
117 140 94
109 130 85
111 130 86
114 131 89
119 135 94
123 137 98
127 158 107
126 155 105
121 147 99
112 136 90
104 125 81
106 125 82
109 126 84
116 132 91
121 135 96
123 153 103
120 147 99
113 138 91
103 126 81
94 115 71
95 114 71
99 116 74
109 125 84
112 140 92
109 134 87
102 125 80
95 117 73
95 115 71
97 115 73
106 122 81
105 134 86
105 132 85
104 128 83
102 125 80
100 120 77
100 118 76
108 134 88
109 132 87
